cs/useless-assignment-to-local	FuseCP/Sources/FuseCP.EnterpriseServer.Code/WebServers/WebServerController.cs	133
cs/useless-assignment-to-local	FuseCP/Sources/FuseCP.Providers.Virtualization.HyperV-2012R2/HyperV2012R2.cs	1506
cs/useless-assignment-to-local	FuseCP/Sources/FuseCP.Providers.TerminalServices.Windows2012/Windows2012.cs	1888
cs/useless-assignment-to-local	FuseCP/Sources/FuseCP.Providers.HostedSolution.Lync2013HP/Lync2013HP.cs	623
cs/useless-assignment-to-local	FuseCP/Sources/FuseCP.Providers.HostedSolution.Lync2013HP/Lync2013HP.cs	444
cs/useless-assignment-to-local	FuseCP/Sources/FuseCP.Providers.HostedSolution.Exchange2019/Exchange2019.cs	2696
cs/useless-assignment-to-local	FuseCP/Sources/FuseCP.Providers.HostedSolution.Exchange2016/Exchange2016.cs	2697
cs/useless-assignment-to-local	FuseCP/Sources/FuseCP.Providers.HostedSolution.Exchange2013/Exchange2013.cs	2697
cs/useless-assignment-to-local	FuseCP/Sources/FuseCP.Providers.HostedSolution/Lync2010.cs	618
cs/useless-assignment-to-local	FuseCP/Sources/FuseCP.Providers.HostedSolution/Lync2010.cs	441
cs/useless-assignment-to-local	FuseCP/Sources/FuseCP.Providers.HostedSolution/Exchange2010SP2.cs	704
cs/linq/missed-select	FuseCP/Sources/FuseCP.WebDav.Core/Managers/WebDavManager.cs	423
cs/linq/missed-where	FuseCP/Sources/FuseCP.Providers.TerminalServices.Windows2012/Windows2012.cs	411
cs/linq/missed-where	FuseCP/Sources/FuseCP.Providers.HostedSolution.Exchange2019/Exchange2019.cs	2984
cs/linq/missed-where	FuseCP/Sources/FuseCP.Providers.HostedSolution.Exchange2016/Exchange2016.cs	2984
cs/linq/missed-where	FuseCP/Sources/FuseCP.Providers.HostedSolution.Exchange2013/Exchange2013.cs	2984
cs/linq/missed-where	FuseCP/Sources/FuseCP.Providers.HostedSolution/Exchange2007.cs	2541
cs/linq/missed-where	FuseCP/Sources/FuseCP.Providers.DNS.SimpleDNS60/SimpleDNS6.cs	502
cs/linq/missed-where	FuseCP/Sources/FuseCP.Providers.DNS.SimpleDNS50/SimpleDNS5.cs	501
cs/linq/missed-select	FuseCP/Sources/FuseCP.Providers.Web.IIS70/IIs70.cs	858
cs/linq/missed-select	FuseCP/Sources/FuseCP.Providers.Web.IIS70/Handlers/HandlersModuleService.cs	129
cs/linq/missed-select	FuseCP/Sources/FuseCP.Providers.Statistics.AWStats/AWStats.cs	94
cs/dereferenced-value-may-be-null	FuseCP/Sources/FuseCP.Providers.Web.IIS70/WebObjects/WebObjectsModuleService.cs	569
cs/linq/missed-select	FuseCP/Sources/FuseCP.Providers.Base/OS/Shell.cs	160
cs/linq/missed-select	FuseCP/Sources/FuseCP.EnterpriseServer.Code/Tasks/TaskManager.cs	784
cs/linq/missed-select	FuseCP/Sources/FuseCP.EnterpriseServer.Code/HostedSolution/SfBController.cs	1027
cs/linq/missed-select	FuseCP/Sources/FuseCP.EnterpriseServer.Code/HostedSolution/LyncController.cs	1024
cs/dereferenced-value-may-be-null	FuseCP/Sources/FuseCP.EnterpriseServer.Code/Files/FilesController.cs	685
cs/dereferenced-value-may-be-null	FuseCP/Sources/FuseCP.EnterpriseServer.Code/Files/FilesController.cs	633
cs/complex-condition	FuseCP/Sources/FuseCP.Providers.Base/OS/Shell.cs	163
cs/linq/missed-where	FuseCP/Sources/FuseCP.WebPortal/DesktopModules/FuseCP/ExchangeServer/OrganizationUserMemberOf.ascx.cs	152
cs/linq/missed-where	FuseCP/Sources/FuseCP.WebPortal/DesktopModules/FuseCP/ExchangeServer/OrganizationSecurityGroupMemberOf.ascx.cs	142
cs/linq/missed-where	FuseCP/Sources/FuseCP.WebPortal/DesktopModules/FuseCP/ExchangeServer/ExchangeMailboxMemberOf.ascx.cs	130
cs/linq/missed-where	FuseCP/Sources/FuseCP.WebPortal/DesktopModules/FuseCP/ExchangeServer/ExchangeDistributionListMemberOf.ascx.cs	134
cs/linq/missed-where	FuseCP/Sources/FuseCP.WebPortal/DesktopModules/FuseCP/DomainsImportZone.ascx.cs	56
cs/nested-if-statements	FuseCP/Sources/FuseCP.WebPortal/DesktopModules/FuseCP/Code/Framework/FuseCPControlBase.cs	236
cs/complex-condition	FuseCP/Sources/FuseCP.WebPortal/DesktopModules/FuseCP/ExchangeServer/UserControls/UserSelector.ascx.cs	211
cs/complex-condition	FuseCP/Sources/FuseCP.WebPortal/DesktopModules/FuseCP/ExchangeServer/UserControls/UserSelector.ascx.cs	202
cs/linq/missed-where	FuseCP/Sources/FuseCP.Providers.DNS.MsDNS2012/DnsCommands.cs	227
cs/linq/missed-select	FuseCP/Sources/FuseCP.Providers.Web.IIS70/WebObjects/WebObjectsModuleService.cs	200
cs/linq/missed-select	FuseCP/Sources/FuseCP.Providers.HostedSolution.SfB2019/SfB2019.cs	848
cs/linq/missed-select	FuseCP/Sources/FuseCP.Providers.HostedSolution.SfB2015/SfB2015.cs	848
cs/linq/missed-select	FuseCP/Sources/FuseCP.Providers.HostedSolution.Lync2013HP/Lync2013HP.cs	1005
cs/linq/missed-select	FuseCP/Sources/FuseCP.Providers.HostedSolution.Lync2013/Lync2013.cs	848
cs/linq/missed-select	FuseCP/Sources/FuseCP.Providers.HostedSolution/Lync2010.cs	1018
cs/linq/missed-select	FuseCP/Sources/FuseCP.Providers.HostedSolution/Lync2010.cs	1000
cs/useless-assignment-to-local	FuseCP/Sources/FuseCP.WebDav.Core/Owa/CobaltManager.cs	59
cs/complex-condition	FuseCP/Sources/FuseCP.WebPortal/DesktopModules/FuseCP/DomainsSelectDomainControl.ascx.cs	158
cs/complex-condition	FuseCP/Sources/FuseCP.WebDav.Core/Security/Authorization/WebDavAuthorizationService.cs	74
cs/catch-of-all-exceptions	FuseCP/Sources/FuseCP.EnterpriseServer/esServers.asmx.cs	147
cs/useless-assignment-to-local	FuseCP/Sources/FuseCP.EnterpriseServer.Code/HostedSolution/ReportController.cs	157
cs/useless-assignment-to-local	FuseCP/Sources/FuseCP.EnterpriseServer.Code/HostedSolution/ReportController.cs	144
cs/useless-assignment-to-local	FuseCP/Sources/FuseCP.EnterpriseServer.Code/EnterpriseStorage/EnterpriseStorageController.cs	705
cs/useless-assignment-to-local	FuseCP/Sources/FuseCP.EnterpriseServer.Code/EnterpriseStorage/EnterpriseStorageController.cs	309
cs/complex-condition	FuseCP/Sources/FuseCP.EnterpriseServer.Code/EnterpriseStorage/EnterpriseStorageController.cs	706
cs/complex-condition	FuseCP/Sources/FuseCP.EnterpriseServer.Code/EnterpriseStorage/EnterpriseStorageController.cs	310
cs/linq/missed-select	FuseCP/Sources/FuseCP.EnterpriseServer.Code/SchedulerTasks/DomainLookupViewTask.cs	107
cs/linq/missed-select	FuseCP/Sources/FuseCP.EnterpriseServer.Code/SchedulerTasks/CheckWebsitesSslTask.cs	128
cs/dereferenced-value-may-be-null	FuseCP/Sources/FuseCP.EnterpriseServer.Code/HostedSolution/SfBController.cs	300
cs/dereferenced-value-may-be-null	FuseCP/Sources/FuseCP.EnterpriseServer.Code/HostedSolution/LyncController.cs	298
cs/dereferenced-value-may-be-null	FuseCP/Sources/FuseCP.EnterpriseServer.Code/ExchangeServer/ExchangeServerController.cs	614
cs/linq/missed-where	FuseCP/Sources/FuseCP.EnterpriseServer.Code/WebServers/WebServerController.cs	810
cs/linq/missed-where	FuseCP/Sources/FuseCP.EnterpriseServer.Code/WebServers/WebServerController.cs	262
cs/linq/missed-where	FuseCP/Sources/FuseCP.EnterpriseServer.Code/Packages/PackageController.cs	994
cs/constant-condition	FuseCP/Sources/FuseCP.EnterpriseServer.Code/ExchangeServer/ExchangeServerController.cs	1669
cs/web/missing-function-level-access-control	FuseCP/Sources/FuseCP.EnterpriseServer.Code/ExchangeServer/ExchangeServerController.cs	5624
cs/linq/missed-select	FuseCP/Sources/FuseCP.EnterpriseServer.Code/Data/DataProvider.cs	4040
cs/constant-condition	FuseCP/Sources/FuseCP.EnterpriseServer.Code/Data/DataProvider.cs	8606
cs/nested-if-statements	FuseCP/Sources/FuseCP.WebPortal/DesktopModules/FuseCP/DomainsAddDomain.ascx.cs	62
cs/dereferenced-value-may-be-null	FuseCP/Sources/FuseCP.WebPortal/DesktopModules/FuseCP/SqlEditUser.ascx.cs	139
cs/web/ambiguous-client-variable	FuseCP/Sources/FuseCP.WebPortal/DesktopModules/FuseCP/StatisticsEditStatistics.ascx.cs	81
js/unused-local-variable	FuseCP/Sources/FuseCP.WebPortal/App_Themes/Default/addons/fuelux/js/fuelux.js	7857
js/unused-local-variable	FuseCP/Sources/FuseCP.WebDavPortal/Scripts/DataTables/jquery.dataTables.js	7875
js/unused-local-variable	FuseCP/Sources/FuseCP.WebDavPortal/Scripts/DataTables/jquery.dataTables.js	3405
js/unused-local-variable	FuseCP/Sources/FuseCP.WebDavPortal/Scripts/DataTables/jquery.dataTables.js	3405
js/unused-local-variable	FuseCP/Sources/FuseCP.WebDavPortal/Scripts/DataTables/jquery.dataTables.js	2414
cs/dereferenced-value-is-always-null	FuseCP/Sources/FuseCP.WebPortal/DesktopModules/FuseCP/UserControls/OrganizationMenuControl.cs	223
cs/lock-this	FuseCP/Sources/FuseCP.WebPortal/DesktopModules/FuseCP/Code/Framework/FuseCPModuleBase.cs	247
cs/web/persistent-cookie	FuseCP/Sources/FuseCP.WebPortal/DesktopModules/FuseCP/LoggedUserEditDetails.ascx.cs	803
cs/web/persistent-cookie	FuseCP/Sources/FuseCP.WebPortal/DesktopModules/FuseCP/LoggedUserEditDetails.ascx.cs	767
cs/web/persistent-cookie	FuseCP/Sources/FuseCP.WebPortal/DesktopModules/FuseCP/Login.ascx.cs	527
cs/web/persistent-cookie	FuseCP/Sources/FuseCP.WebPortal/DesktopModules/FuseCP/LoggedUserEditDetails.ascx.cs	672
cs/web/persistent-cookie	FuseCP/Sources/FuseCP.WebPortal/DesktopModules/FuseCP/Login.ascx.cs	399
cs/web/persistent-cookie	FuseCP/Sources/FuseCP.WebPortal/DesktopModules/FuseCP/Login.ascx.cs	390
cs/web/persistent-cookie	FuseCP/Sources/FuseCP.WebPortal/DesktopModules/FuseCP/Login.ascx.cs	381
cs/web/persistent-cookie	FuseCP/Sources/FuseCP.WebPortal/DesktopModules/FuseCP/Login.ascx.cs	372
cs/web/persistent-cookie	FuseCP/Sources/FuseCP.WebPortal/DesktopModules/FuseCP/Login.ascx.cs	362
cs/web/persistent-cookie	FuseCP/Sources/FuseCP.WebPortal/DesktopModules/FuseCP/LoggedUserEditDetails.ascx.cs	366
cs/web/persistent-cookie	FuseCP/Sources/FuseCP.WebPortal/DesktopModules/FuseCP/Code/Framework/WebPortalThemeProvider.cs	45
cs/web/persistent-cookie	FuseCP/Sources/FuseCP.WebPortal/Default.aspx.cs	610
cs/web/persistent-cookie	FuseCP/Sources/FuseCP.WebPortal/Code/PortalUtils.cs	820
cs/web/persistent-cookie	FuseCP/Sources/FuseCP.WebPortal/Code/PortalUtils.cs	118
cs/linq/missed-where	FuseCP/Sources/FuseCP.Providers.Mail.AbilityMailServer/AMSHelper.cs	98
cs/linq/missed-where	FuseCP/Sources/FuseCP.Providers.Virtualization.HyperV-vmm/HyperVvmm.cs	1312
cs/linq/missed-where	FuseCP/Sources/FuseCP.Providers.Virtualization.HyperV/HyperV.cs	1739
cs/linq/missed-where	FuseCP/Sources/FuseCP.Providers.Virtualization.HyperV-2012R2/Helpers/VdsHelper.cs	79
cs/linq/missed-select	FuseCP/Sources/FuseCP.Providers.OS.Windows2016/Windows2016.cs	1468
cs/dereferenced-value-may-be-null	FuseCP/Sources/FuseCP.Providers.Virtualization.HyperV-2012R2/Helpers/VdsHelper.cs	216
cs/dereferenced-value-may-be-null	FuseCP/Sources/FuseCP.WebPortal/DesktopModules/FuseCP/SettingsSfBUserPlansPolicy.ascx.cs	119
js/syntax-error	FuseCP/Sources/FuseCP.WebDavPortal/Scripts/DataTables/dataTables.fixedColumns.js	467
js/syntax-error	FuseCP/Sources/FuseCP.WebDavPortal/Scripts/DataTables/dataTables.fixedColumns.js	467
cs/insecure-sql-connection	FuseCP/Sources/FuseCP.EnterpriseServer.Data/Extensions/DatabaseUtils.cs	505
js/syntax-error	tools/MSBuildCommunityTasks/Source/Source/MSBuild.Community.Tasks/swagger-codegen-2.1.6/modules/swagger-codegen/src/main/resources/swagger-static/assets/js/bootstrap.js	930
cs/complex-condition	FuseCP/Sources/FuseCP.WebPortal/DesktopModules/FuseCP/Code/Framework/Utils.cs	368
cs/complex-condition	FuseCP/Sources/FuseCP.WebPortal/DesktopModules/FuseCP/Code/Framework/Utils.cs	358
js/syntax-error	FuseCP/Sources/FuseCP.WebDavPortal/Scripts/jquery-ui-1-13.3.js	1284
js/useless-assignment-to-property	FuseCP/Sources/FuseCP.WebDavPortal/Scripts/DataTables/dataTables.autoFill.js	1160
cs/web/ambiguous-client-variable	FuseCP/Sources/FuseCP.WebPortal/DesktopModules/FuseCP/IPAddressesEditIPAddress.ascx.cs	98
cs/web/ambiguous-client-variable	FuseCP/Sources/FuseCP.WebPortal/DesktopModules/FuseCP/IPAddressesAddIPAddress.ascx.cs	155
cs/web/unvalidated-url-redirection	FuseCP/Sources/FuseCP.WebPortal/DesktopModules/FuseCP/Login.ascx.cs	414
cs/local-not-disposed	FuseCP/Sources/FuseCP.WebPortal/DesktopModules/FuseCP/SpaceQuotasControl.ascx.cs	69
cs/information-exposure-through-exception	FuseCP/Sources/FuseCP.WebPortal/DesktopModules/FuseCP/SpaceQuotasControl.ascx.cs	59
cs/dereferenced-value-may-be-null	FuseCP/Sources/FuseCP.WebPortal/DesktopModules/FuseCP/SqlEditDatabase.ascx.cs	61
cs/linq/missed-where	FuseCP/Sources/FuseCP.EnterpriseServer.Data/Extensions/ObjectUtils.cs	48
cs/missed-ternary-operator	FuseCP/Sources/FuseCP.WebPortal/DesktopModules/FuseCP/ExchangeServer/ExchangeMailboxMailFlowSettings.ascx.cs	122
cs/unsynchronized-static-access	FuseCP/Sources/FuseCP.WebDav.Core/Scp/Framework/FCP.cs	252
cs/constant-condition	FuseCP/Sources/FuseCP.WebPortal/DesktopModules/FuseCP/WebSitesEditSite.ascx.cs	577
cs/constant-condition	FuseCP/Sources/FuseCP.WebPortal/DesktopModules/FuseCP/MailAccountsEditAccount.ascx.cs	150
cs/linq/missed-select	FuseCP/Sources/FuseCP.EnterpriseServer.Code/Packages/PackageController.cs	1991
cs/empty-catch-block	FuseCP/Sources/FuseCP.WebPortal/DesktopModules/FuseCP/Peers.ascx.cs	99
cs/sensitive-data-transmission	FuseCP/Sources/FuseCP.WebPortal/DesktopModules/FuseCP/UserControls/SimpleMessageBox.ascx.cs	222
cs/sensitive-data-transmission	FuseCP/Sources/FuseCP.WebPortal/DesktopModules/FuseCP/UserControls/MessageBox.ascx.cs	64
cs/uncontrolled-format-string	FuseCP/Sources/FuseCP.WebPortal/Code/AjaxHandler.cs	77
cs/string-concatenation-in-loop	FuseCP/Sources/FuseCP.WebDavPortal/Views/Account/PasswordResetPincodeSendOptions.cshtml	21
cs/string-concatenation-in-loop	FuseCP/Sources/FuseCP.WebDavPortal/Views/Account/PasswordResetPincodeSendOptions.cshtml	13
cs/linq/missed-where	FuseCP/Sources/FuseCP.WebPortal/DesktopModules/FuseCP/DomainsSelectDomainControl.ascx.cs	143
cs/linq/missed-where	FuseCP/Sources/FuseCP.WebPortal/DesktopModules/FuseCP/DomainsSelectDomainControl.ascx.cs	130
cs/linq/missed-where	FuseCP/Sources/FuseCP.WebPortal/DesktopModules/FuseCP/Code/Framework/Utils.cs	64
cs/static-field-written-by-instance	FuseCP/Sources/FuseCP.WebPortal/Global.asax.cs	145
cs/static-field-written-by-instance	FuseCP/Sources/FuseCP.WebPortal/Global.asax.cs	142
cs/static-field-written-by-instance	FuseCP/Sources/FuseCP.WebPortal/DesktopModules/FuseCP/SpaceImportResources.ascx.cs	55
cs/static-field-written-by-instance	FuseCP/Sources/FuseCP.WebPortal/DesktopModules/FuseCP/SettingsSfBUserPlansPolicy.ascx.cs	120
cs/static-field-written-by-instance	FuseCP/Sources/FuseCP.WebPortal/DesktopModules/FuseCP/SettingsLyncUserPlansPolicy.ascx.cs	120
cs/static-field-written-by-instance	FuseCP/Sources/FuseCP.WebPortal/DesktopModules/FuseCP/SettingsExchangePolicy.ascx.cs	35
cs/static-field-written-by-instance	FuseCP/Sources/FuseCP.WebPortal/DesktopModules/FuseCP/RDS/UserControls/RDSCollectionUsers.ascx.cs	203
cs/static-field-written-by-instance	FuseCP/Sources/FuseCP.WebPortal/DesktopModules/FuseCP/RDS/UserControls/RDSCollectionUsers.ascx.cs	173
cs/static-field-written-by-instance	FuseCP/Sources/FuseCP.WebPortal/DesktopModules/FuseCP/RDS/UserControls/RDSCollectionUsers.ascx.cs	155
cs/static-field-written-by-instance	FuseCP/Sources/FuseCP.WebPortal/DesktopModules/FuseCP/FileManager.ascx.cs	213
cs/static-field-written-by-instance	FuseCP/Sources/FuseCP.WebPortal/Code/SecureSessionModule.cs	39
cs/misleading-indentation	FuseCP/Sources/FuseCP.WebPortal/DesktopModules/FuseCP/ProviderControls/SmarterMail_EditDomain.ascx.cs	105
cs/misleading-indentation	FuseCP/Sources/FuseCP.WebPortal/DesktopModules/FuseCP/ProviderControls/Merak_EditDomain.ascx.cs	64
cs/misleading-indentation	FuseCP/Sources/FuseCP.WebPortal/DesktopModules/FuseCP/ProviderControls/MailEnable_EditDomain.ascx.cs	83
cs/empty-block	FuseCP/Sources/FuseCP.WebPortal/Global.asax.cs	120
cs/empty-block	FuseCP/Sources/FuseCP.WebPortal/DesktopModules/FuseCP/SettingsExchangeMailboxPlansPolicy.ascx.cs	405
cs/empty-block	FuseCP/Sources/FuseCP.WebPortal/DesktopModules/FuseCP/SettingsExchangeMailboxPlansPolicy.ascx.cs	119
cs/empty-block	FuseCP/Sources/FuseCP.WebPortal/DesktopModules/FuseCP/ExchangeServer/ExchangeAddMailboxPlan.ascx.cs	280
cs/loss-of-precision	FuseCP/Sources/FuseCP.WebPortal/Global.asax.cs	145
cs/loss-of-precision	FuseCP/Sources/FuseCP.WebPortal/DesktopModules/FuseCP/ExchangeServer/ExchangeMailboxGeneralSettings.ascx.cs	200
cs/loss-of-precision	FuseCP/Sources/FuseCP.WebPortal/DesktopModules/FuseCP/ExchangeServer/ExchangeMailboxGeneralSettings.ascx.cs	150
cs/loss-of-precision	FuseCP/Sources/FuseCP.WebPortal/DesktopModules/FuseCP/ExchangeServer/ExchangeJournalingMailboxGeneralSettings.ascx.cs	143
cs/simplifiable-boolean-expression	FuseCP/Sources/FuseCP.WebPortal/DesktopModules/FuseCP/ExchangeServer/Organizations.ascx.cs	39
cs/simplifiable-boolean-expression	FuseCP/Sources/FuseCP.WebDav.Core/Security/Cryptography/CryptoUtils.cs	55
cs/nested-if-statements	FuseCP/Sources/FuseCP.WebPortal/DesktopModules/FuseCP/MailDomainsEditDomain.ascx.cs	45
cs/nested-if-statements	FuseCP/Sources/FuseCP.WebPortal/DesktopModules/FuseCP/MailAccessEditAccess.ascx.cs	45
cs/nested-if-statements	FuseCP/Sources/FuseCP.WebPortal/DesktopModules/FuseCP/Code/Framework/WebPortalPageTitleProvider.cs	38
cs/missed-using-statement	FuseCP/Sources/FuseCP.WebPortal/Code/VncWebSocketHandler.cs	66
cs/missed-ternary-operator	FuseCP/Sources/FuseCP.WebPortal/DesktopModules/FuseCP/WebSitesEditSite.ascx.cs	731
cs/missed-ternary-operator	FuseCP/Sources/FuseCP.WebPortal/DesktopModules/FuseCP/VPS2012/VpsDetailsGeneral.ascx.cs	106
cs/missed-ternary-operator	FuseCP/Sources/FuseCP.WebPortal/DesktopModules/FuseCP/SqlBackupDatabase.ascx.cs	81
cs/missed-ternary-operator	FuseCP/Sources/FuseCP.WebDavPortal/ViewComponents/ContentListViewComponent.cs	48
cs/missed-ternary-operator	FuseCP/Sources/FuseCP.WebDavPortal/Helpers/DataTableHelper.cs	33
cs/missed-readonly-modifier	FuseCP/Sources/FuseCP.WebDavPortal/obj/Debug/net10.0/generated/Microsoft.CodeAnalysis.Razor.Compiler/Microsoft.NET.Sdk.Razor.SourceGenerators.RazorSourceGenerator/Views/Shared/_Layout_cshtml.g.cs	91
cs/missed-readonly-modifier	FuseCP/Sources/FuseCP.WebDavPortal/obj/Debug/net10.0/generated/Microsoft.CodeAnalysis.Razor.Compiler/Microsoft.NET.Sdk.Razor.SourceGenerators.RazorSourceGenerator/Views/Shared/_ProcessDialog_cshtml.g.cs	40
cs/missed-readonly-modifier	FuseCP/Sources/FuseCP.WebDavPortal/obj/Debug/net10.0/generated/Microsoft.CodeAnalysis.Razor.Compiler/Microsoft.NET.Sdk.Razor.SourceGenerators.RazorSourceGenerator/Views/Shared/Error_cshtml.g.cs	27
cs/missed-readonly-modifier	FuseCP/Sources/FuseCP.WebDavPortal/obj/Debug/net10.0/generated/Microsoft.CodeAnalysis.Razor.Compiler/Microsoft.NET.Sdk.Razor.SourceGenerators.RazorSourceGenerator/Views/FileSystem/UploadFiles_cshtml.g.cs	55
cs/missed-readonly-modifier	FuseCP/Sources/FuseCP.WebDavPortal/obj/Debug/net10.0/generated/Microsoft.CodeAnalysis.Razor.Compiler/Microsoft.NET.Sdk.Razor.SourceGenerators.RazorSourceGenerator/Views/FileSystem/ShowOfficeDocument_cshtml.g.cs	44
cs/missed-readonly-modifier	FuseCP/Sources/FuseCP.WebDavPortal/obj/Debug/net10.0/generated/Microsoft.CodeAnalysis.Razor.Compiler/Microsoft.NET.Sdk.Razor.SourceGenerators.RazorSourceGenerator/Views/FileSystem/ShowContent_cshtml.g.cs	90
cs/missed-readonly-modifier	FuseCP/Sources/FuseCP.WebDavPortal/obj/Debug/net10.0/generated/Microsoft.CodeAnalysis.Razor.Compiler/Microsoft.NET.Sdk.Razor.SourceGenerators.RazorSourceGenerator/Views/FileSystem/ShowContentSearchResultTable_cshtml.g.cs	48
cs/catch-of-all-exceptions	FuseCP/Sources/FuseCP.WebPortal/DesktopModules/FuseCP/ProviderControls/MariaDB_EditDatabase.ascx.cs	56
cs/catch-of-all-exceptions	FuseCP/Sources/FuseCP.WebPortal/DesktopModules/FuseCP/AutoUpdateServers.ascx.cs	32
cs/catch-of-all-exceptions	FuseCP/Sources/FuseCP.WebPortal/Code/VncWebSocketHandler.cs	77
cs/useless-assignment-to-local	FuseCP/Sources/FuseCP.WebDavPortal/Views/FileSystem/_ShowContentBigIcons.cshtml	12
cs/useless-assignment-to-local	FuseCP/Sources/FuseCP.WebDavPortal/Views/FileSystem/_ResourseCollectionPartial.cshtml	3
cs/dereferenced-value-may-be-null	FuseCP/Sources/FuseCP.WebPortal/DesktopModules/FuseCP/UserControls/PackageVLANs.ascx.cs	98
cs/dereferenced-value-may-be-null	FuseCP/Sources/FuseCP.WebPortal/DesktopModules/FuseCP/UserControls/PackagePhoneNumbers.ascx.cs	121
cs/dereferenced-value-may-be-null	FuseCP/Sources/FuseCP.WebPortal/DesktopModules/FuseCP/UserControls/PackageIPAddresses.ascx.cs	129
cs/dereferenced-value-may-be-null	FuseCP/Sources/FuseCP.WebPortal/DesktopModules/FuseCP/SpaceEditAddon.ascx.cs	100
cs/dereferenced-value-may-be-null	FuseCP/Sources/FuseCP.WebPortal/DesktopModules/FuseCP/ProviderControls/SmarterStats_EditSite.ascx.cs	163
cs/dereferenced-value-may-be-null	FuseCP/Sources/FuseCP.WebPortal/DesktopModules/FuseCP/Login.ascx.cs	319
cs/dereferenced-value-may-be-null	FuseCP/Sources/FuseCP.WebPortal/DesktopModules/FuseCP/FileManager.ascx.cs	85
cs/dereferenced-value-may-be-null	FuseCP/Sources/FuseCP.WebPortal/DesktopModules/FuseCP/ExchangeServer/UserControls/AccountsListWithPermissions.ascx.cs	309
cs/dereferenced-value-may-be-null	FuseCP/Sources/FuseCP.WebPortal/DesktopModules/FuseCP/ExchangeServer/ExchangeMailboxSetupInstructions.ascx.cs	50
cs/dereferenced-value-may-be-null	FuseCP/Sources/FuseCP.WebPortal/DesktopModules/FuseCP/Domains.ascx.cs	266
cs/dereferenced-value-may-be-null	FuseCP/Sources/FuseCP.WebPortal/DesktopModules/FuseCP/Code/Helpers/VirtualMachinesForPCHelper.cs	66
cs/dereferenced-value-may-be-null	FuseCP/Sources/FuseCP.WebPortal/Code/Adapters/PasswordRecoveryAdapter.cs	499
cs/dereferenced-value-may-be-null	FuseCP/Sources/FuseCP.WebPortal/Code/Adapters/PasswordRecoveryAdapter.cs	420
cs/dereferenced-value-may-be-null	FuseCP/Sources/FuseCP.WebPortal/Code/Adapters/DataListAdapter.cs	140
cs/unsynchronized-static-access	FuseCP/Sources/FuseCP.WebDav.Core/Scp/Framework/FCP.cs	260
cs/lock-this	FuseCP/Sources/FuseCP.WebPortal/DesktopModules/FuseCP/ServersEditServer.ascx.cs	48
cs/lock-this	FuseCP/Sources/FuseCP.WebPortal/DesktopModules/FuseCP/Code/Framework/FuseCPModuleBase.cs	223
cs/lock-this	FuseCP/Sources/FuseCP.WebPortal/DesktopModules/FuseCP/Code/Framework/FuseCPModuleBase.cs	195
cs/lock-this	FuseCP/Sources/FuseCP.WebPortal/DesktopModules/FuseCP/Code/Framework/FuseCPModuleBase.cs	134
cs/lock-this	FuseCP/Sources/FuseCP.WebPortal/Code/FuseCPSiteMapProvider.cs	179
cs/complex-condition	FuseCP/Sources/FuseCP.WebPortal/DesktopModules/FuseCP/UserControls/PasswordControl.ascx.cs	109
cs/complex-condition	FuseCP/Sources/FuseCP.WebPortal/DesktopModules/FuseCP/UserControls/EditIPAddressControl.ascx.cs	104
cs/complex-condition	FuseCP/Sources/FuseCP.WebPortal/DesktopModules/FuseCP/ExchangeServer/ExchangeDomainRecords.ascx.cs	151
cs/complex-condition	FuseCP/Sources/FuseCP.WebPortal/DesktopModules/FuseCP/DnsZoneRecords.ascx.cs	171
cs/complex-condition	FuseCP/Sources/FuseCP.WebPortal/Code/Adapters/TreeViewAdapter.cs	493
cs/path-combine	FuseCP/Sources/FuseCP.WebPortal/Code/PortalUtils.cs	1194
cs/path-combine	FuseCP/Sources/FuseCP.WebPortal/Code/PortalConfiguration.cs	114
cs/path-combine	FuseCP/Sources/FuseCP.WebPortal/Code/PortalConfiguration.cs	244
cs/path-combine	FuseCP/Sources/FuseCP.WebPortal/Code/PortalConfiguration.cs	136
cs/path-combine	FuseCP/Sources/FuseCP.WebDavPortal/Program.cs	109
cs/path-combine	FuseCP/Sources/FuseCP.WebDavPortal/Program.cs	133
cs/path-combine	FuseCP/Sources/FuseCP.WebDavPortal/Program.cs	128
cs/path-combine	FuseCP/Sources/FuseCP.WebDavPortal/Program.cs	123
cs/path-combine	FuseCP/Sources/FuseCP.WebDavPortal/HttpHandlers/FileTransferRequestHandler.cs	44
cs/path-combine	FuseCP/Sources/FuseCP.WebDav.Core/Owa/CobaltSessionManager.cs	141
cs/path-combine	FuseCP/Sources/FuseCP.WebDav.Core/Config/WebDavConfigSectionResolver.cs	66
cs/class-name-matches-base-class	FuseCP/Sources/FuseCP.WebPortal/Code/Adapters/MenuAdapter.cs	29
cs/expose-implementation	FuseCP/Sources/FuseCP.WebPortal/Code/Adapters/WebControlAdapterExtender.cs	600
cs/cast-from-abstract-to-concrete-collection	FuseCP/Sources/FuseCP.WebPortal/DesktopModules/FuseCP/WebsitesSSL.ascx.cs	450
cs/local-shadows-member	FuseCP/Sources/FuseCP.WebPortal/Code/PortalConfiguration.cs	256
cs/local-shadows-member	FuseCP/Sources/FuseCP.WebPortal/DesktopModules/FuseCP/MailAccountsEditAccount.ascx.cs	199
cs/local-not-disposed	FuseCP/Sources/FuseCP.WebPortal/Default.aspx.cs	710
cs/dispose-not-called-on-throw	FuseCP/Sources/FuseCP.WebPortal/DesktopModules/FuseCP/ResizeImage.ashx.cs	129
cs/dispose-not-called-on-throw	FuseCP/Sources/FuseCP.WebPortal/DesktopModules/FuseCP/ResizeImage.ashx.cs	128
cs/dispose-not-called-on-throw	FuseCP/Sources/FuseCP.WebPortal/DesktopModules/FuseCP/ResizeImage.ashx.cs	121
cs/dispose-not-called-on-throw	FuseCP/Sources/FuseCP.WebPortal/DesktopModules/FuseCP/ResizeImage.ashx.cs	115
cs/call-to-obsolete-method	FuseCP/Sources/FuseCP.WebDav.Core/Security/Cryptography/CryptoUtils.cs	142
cs/call-to-obsolete-method	FuseCP/Sources/FuseCP.WebDav.Core/Security/Cryptography/CryptoUtils.cs	141
cs/call-to-obsolete-method	FuseCP/Sources/FuseCP.WebDav.Core/Security/Cryptography/CryptoUtils.cs	88
cs/call-to-obsolete-method	FuseCP/Sources/FuseCP.WebDav.Core/Security/Cryptography/CryptoUtils.cs	87
cs/web/ambiguous-client-variable	FuseCP/Sources/FuseCP.WebPortal/DesktopModules/FuseCP/SqlEditDatabase.ascx.cs	42
cs/web/ambiguous-client-variable	FuseCP/Sources/FuseCP.WebPortal/DesktopModules/FuseCP/SkinControls/UserSpaceBreadcrumb.ascx.cs	113
cs/web/ambiguous-client-variable	FuseCP/Sources/FuseCP.WebPortal/DesktopModules/FuseCP/SkinControls/UserSpaceBreadcrumb.ascx.cs	128
cs/web/ambiguous-client-variable	FuseCP/Sources/FuseCP.WebPortal/DesktopModules/FuseCP/DomainsAddDomain.ascx.cs	269
cs/web/ambiguous-client-variable	FuseCP/Sources/FuseCP.WebPortal/DesktopModules/FuseCP/DomainsAddDomain.ascx.cs	201
cs/web/ambiguous-client-variable	FuseCP/Sources/FuseCP.WebPortal/DesktopModules/FuseCP/DomainsAddDomain.ascx.cs	78
cs/web/ambiguous-client-variable	FuseCP/Sources/FuseCP.WebPortal/DesktopModules/FuseCP/DomainsAddDomain.ascx.cs	38
cs/web/persistent-cookie	FuseCP/Sources/FuseCP.WebPortal/Code/PortalUtils.cs	799
cs/insecure-randomness	FuseCP/Sources/FuseCP.WebPortal/DesktopModules/FuseCP/ExchangeServer/OrganizationCreateUser.ascx.cs	90
cs/insecure-randomness	FuseCP/Sources/FuseCP.WebPortal/DesktopModules/FuseCP/ExchangeServer/ExchangeCreateMailbox.ascx.cs	151
cs/insecure-randomness	FuseCP/Sources/FuseCP.WebPortal/DesktopModules/FuseCP/ExchangeServer/ExchangeCreateJournalingMailbox.ascx.cs	139
cs/xml/xpath-injection	FuseCP/Sources/FuseCP.WebPortal/Code/PortalUtils.cs	1206
cs/web/cookie-secure-not-set	FuseCP/Sources/FuseCP.WebPortal/DesktopModules/FuseCP/LoggedUserEditDetails.ascx.cs	871
cs/web/cookie-secure-not-set	FuseCP/Sources/FuseCP.WebDav.Core/Security/Authentication/FormsAuthenticationService.cs	110
cs/web/unvalidated-url-redirection	FuseCP/Sources/FuseCP.WebPortal/DesktopModules/FuseCP/VLANsEditVLAN.ascx.cs	80
cs/web/unvalidated-url-redirection	FuseCP/Sources/FuseCP.WebPortal/DesktopModules/FuseCP/VLANsAddVLAN.ascx.cs	134
cs/web/unvalidated-url-redirection	FuseCP/Sources/FuseCP.WebPortal/DesktopModules/FuseCP/IPAddressesEditIPAddress.ascx.cs	106
cs/web/unvalidated-url-redirection	FuseCP/Sources/FuseCP.WebPortal/DesktopModules/FuseCP/IPAddressesAddIPAddress.ascx.cs	163
cs/session-reuse	FuseCP/Sources/FuseCP.WebPortal/Code/PortalUtils.cs	291
cs/session-reuse	FuseCP/Sources/FuseCP.WebPortal/Code/PortalUtils.cs	266
cs/web/missing-token-validation	FuseCP/Sources/FuseCP.WebDavPortal/Controllers/FileSystemController.cs	428
cs/web/missing-token-validation	FuseCP/Sources/FuseCP.WebDavPortal/Controllers/FileSystemController.cs	392
cs/web/missing-token-validation	FuseCP/Sources/FuseCP.WebDavPortal/Controllers/FileSystemController.cs	351
cs/web/missing-token-validation	FuseCP/Sources/FuseCP.WebDavPortal/Controllers/FileSystemController.cs	315
cs/web/missing-token-validation	FuseCP/Sources/FuseCP.WebDavPortal/Controllers/FileSystemController.cs	253
cs/web/missing-token-validation	FuseCP/Sources/FuseCP.WebDavPortal/Controllers/AccountController.cs	409
cs/web/missing-token-validation	FuseCP/Sources/FuseCP.WebDavPortal/Controllers/AccountController.cs	361
cs/web/missing-token-validation	FuseCP/Sources/FuseCP.WebDavPortal/Controllers/AccountController.cs	273
cs/web/missing-token-validation	FuseCP/Sources/FuseCP.WebDavPortal/Controllers/AccountController.cs	204
cs/web/missing-token-validation	FuseCP/Sources/FuseCP.WebDavPortal/Controllers/AccountController.cs	166
cs/web/missing-token-validation	FuseCP/Sources/FuseCP.WebDavPortal/Controllers/AccountController.cs	91
cs/web/missing-token-validation	FuseCP/Sources/FuseCP.WebDavPortal/Controllers/Api/OwaController.cs	95
cs/information-exposure-through-exception	FuseCP/Sources/FuseCP.WebPortal/DesktopModules/FuseCP/VPS2012/VpsDetailsNetwork.ascx.cs	121
cs/information-exposure-through-exception	FuseCP/Sources/FuseCP.WebPortal/DesktopModules/FuseCP/VLANsAddVLAN.ascx.cs	60
cs/information-exposure-through-exception	FuseCP/Sources/FuseCP.WebPortal/DesktopModules/FuseCP/UserControls/MessageBox.ascx.cs	89
cs/information-exposure-through-exception	FuseCP/Sources/FuseCP.WebPortal/DesktopModules/FuseCP/UserAccountSummaryLetter.ascx.cs	61
cs/information-exposure-through-exception	FuseCP/Sources/FuseCP.WebPortal/DesktopModules/FuseCP/SpaceSummaryLetter.ascx.cs	61
cs/information-exposure-through-exception	FuseCP/Sources/FuseCP.WebPortal/DesktopModules/FuseCP/PhoneNumbersAddPhoneNumber.ascx.cs	84
cs/information-exposure-through-exception	FuseCP/Sources/FuseCP.WebPortal/DesktopModules/FuseCP/IPAddressesAddIPAddress.ascx.cs	71
cs/information-exposure-through-exception	FuseCP/Sources/FuseCP.WebPortal/DesktopModules/FuseCP/HostingPlansQuotas.ascx.cs	57
cs/information-exposure-through-exception	FuseCP/Sources/FuseCP.WebPortal/DesktopModules/FuseCP/HostingPlansQuotas.ascx.cs	77
cs/information-exposure-through-exception	FuseCP/Sources/FuseCP.WebPortal/Default.aspx.cs	633
cs/sensitive-data-transmission	FuseCP/Sources/FuseCP.WebPortal/DesktopModules/FuseCP/WebSitesEditSite.ascx.cs	596
cs/sensitive-data-transmission	FuseCP/Sources/FuseCP.WebPortal/DesktopModules/FuseCP/WebSitesEditSite.ascx.cs	593
cs/sensitive-data-transmission	FuseCP/Sources/FuseCP.WebPortal/DesktopModules/FuseCP/WebSitesEditSite.ascx.cs	703
cs/sensitive-data-transmission	FuseCP/Sources/FuseCP.WebPortal/DesktopModules/FuseCP/WebSitesEditSite.ascx.cs	699
cs/sensitive-data-transmission	FuseCP/Sources/FuseCP.WebPortal/DesktopModules/FuseCP/ProviderControls/SmarterMail_EditList.ascx.cs	52
cs/sensitive-data-transmission	FuseCP/Sources/FuseCP.WebPortal/DesktopModules/FuseCP/ProviderControls/SmarterMail60_EditList.ascx.cs	62
cs/sensitive-data-transmission	FuseCP/Sources/FuseCP.WebPortal/DesktopModules/FuseCP/ProviderControls/SmarterMail50_EditList.ascx.cs	54
cs/sensitive-data-transmission	FuseCP/Sources/FuseCP.WebPortal/DesktopModules/FuseCP/ProviderControls/SmarterMail100x_EditList.ascx.cs	62
cs/sensitive-data-transmission	FuseCP/Sources/FuseCP.WebPortal/DesktopModules/FuseCP/ProviderControls/SmarterMail100_EditList.ascx.cs	62
cs/sensitive-data-transmission	FuseCP/Sources/FuseCP.WebPortal/DesktopModules/FuseCP/ProviderControls/Merak_EditList.ascx.cs	51
cs/sensitive-data-transmission	FuseCP/Sources/FuseCP.WebPortal/DesktopModules/FuseCP/ProviderControls/MailEnable_EditList.ascx.cs	49
cs/sensitive-data-transmission	FuseCP/Sources/FuseCP.WebPortal/DesktopModules/FuseCP/ProviderControls/IceWarp_EditList.ascx.cs	51
cs/sensitive-data-transmission	FuseCP/Sources/FuseCP.WebPortal/DesktopModules/FuseCP/ProviderControls/HyperV2016_Settings.ascx.cs	330
cs/sensitive-data-transmission	FuseCP/Sources/FuseCP.WebPortal/DesktopModules/FuseCP/ProviderControls/HyperV2012R2_Settings.ascx.cs	524
cs/web/cookie-httponly-not-set	FuseCP/Sources/FuseCP.WebPortal/DesktopModules/FuseCP/LoggedUserEditDetails.ascx.cs	871
cs/web/cookie-httponly-not-set	FuseCP/Sources/FuseCP.WebDavPortal/HttpHandlers/AuthCookieHandler.cs	66
cs/web/debug-binary	FuseCP/Sources/FuseCP.WebPortal/bin_dotnet/Web.Net6.config	74
cs/web/file-upload	FuseCP/Sources/FuseCP.WebPortal/DesktopModules/FuseCP/DomainsImportZone.ascx.cs	38
cs/dereferenced-value-may-be-null	FuseCP/Sources/FuseCP.EnterpriseServer.Code/Packages/PackageController.cs	680
cs/dereferenced-value-may-be-null	FuseCP/Sources/FuseCP.Providers.HostedSolution/OrganizationProvider.cs	1766
cs/linq/missed-where	FuseCP/Sources/FuseCP.Providers.DNS.SimpleDNS60/SimpleDNS6.cs	291
cs/linq/missed-where	FuseCP/Sources/FuseCP.Providers.DNS.SimpleDNS50/SimpleDNS5.cs	291
cs/command-line-injection	FuseCP/Sources/FuseCP.Providers.Base/OS/Shell.cs	268
cs/exposure-of-sensitive-information	FuseCP/Sources/FuseCP.Server.Utils/Log.cs	114
cs/cleartext-storage-of-sensitive-information	FuseCP/Sources/FuseCP.Server.Utils/Log.cs	114
cs/unmanaged-code	FuseCP/Sources/FuseCP.Server.Utils/FileUtils.cs	1274
cs/cleartext-storage-of-sensitive-information	FuseCP/Sources/FuseCP.Server.Utils/Log.cs	81
cs/path-injection	FuseCP/Sources/FuseCP.EnterpriseServer.Code/StorageSpaces/StorageSpacesController.cs	1287
cs/static-field-written-by-instance	FuseCP/Sources/FuseCP.EnterpriseServer.Code/Data/DataProvider.cs	114
cs/missed-using-statement	FuseCP/Sources/FuseCP.EnterpriseServer.Code/Data/DataProvider.cs	6139
cs/string-concatenation-in-loop	FuseCP/Sources/FuseCP.EnterpriseServer.Code/Data/SQLHelper.cs	1850
cs/nested-if-statements	FuseCP/Sources/FuseCP.Providers.Base/OS/TunnelSockets/TunnelSocket.cs	732
cs/call-to-obsolete-method	FuseCP/Sources/FuseCP.Providers.Base/Common/Cryptor.cs	143
cs/call-to-obsolete-method	FuseCP/Sources/FuseCP.Providers.Base/Common/Cryptor.cs	142
cs/string-concatenation-in-loop	FuseCP/Sources/FuseCP.Providers.Filters.SpamExperts/SpamExperts.cs	80
cs/string-concatenation-in-loop	FuseCP/Sources/FuseCP.Providers.FTP.ServU/ServU.cs	373
cs/string-concatenation-in-loop	FuseCP/Sources/FuseCP.Providers.FTP.Gene6/Gene6FTP.cs	643
cs/string-concatenation-in-loop	FuseCP/Sources/FuseCP.Providers.FTP.FileZilla/FileZilla.cs	407
cs/linq/missed-where	FuseCP/Sources/FuseCP.Providers.Web.IIs60/IIs60.cs	3371
cs/linq/missed-select	FuseCP/Sources/FuseCP.Providers.Web.IIs80/SSL/SSLModuleService80.cs	334
cs/linq/missed-select	FuseCP/Sources/FuseCP.Providers.Web.IIs100/SSL/SSLModuleService100.cs	327
cs/linq/missed-select	FuseCP/Sources/FuseCP.Providers.Virtualization.HyperV-2012R2/HyperV2012R2.cs	380
cs/linq/missed-select	FuseCP/Sources/FuseCP.Providers.TerminalServices.Windows2012/Windows2012.cs	3073
cs/linq/missed-select	FuseCP/Sources/FuseCP.Providers.Statistics.SmarterStats/SmarterStats5.cs	67
cs/linq/missed-select	FuseCP/Sources/FuseCP.Providers.Statistics.SmarterStats/SmarterStats5.cs	39
cs/linq/missed-all	FuseCP/Sources/FuseCP.Providers.Virtualization.HyperV-2012R2/Helpers/HardDriveHelper.cs	180
cs/linq/missed-all	FuseCP/Sources/FuseCP.Providers.Virtualization.HyperV-2012R2/Helpers/HardDriveHelper.cs	145
cs/linq/missed-all	FuseCP/Sources/FuseCP.Providers.Database.MySQL/MySqlServer.cs	581
cs/linq/missed-all	FuseCP/Sources/FuseCP.Providers.Database.MariaDB/MariaDB101.cs	567
cs/static-field-written-by-instance	FuseCP/Sources/FuseCP.Providers.Web.IIs80/SSL/SSLModuleService80.cs	684
cs/static-field-written-by-instance	FuseCP/Sources/FuseCP.Providers.Web.IIs100/SSL/SSLModuleService100.cs	649
cs/static-field-written-by-instance	FuseCP/Sources/FuseCP.Providers.Web.IIs80/Helpers/RunspaceHelper.cs	225
cs/static-field-written-by-instance	FuseCP/Sources/FuseCP.Providers.Web.IIs100/Helpers/RunspaceHelper.cs	225
cs/static-field-written-by-instance	FuseCP/Sources/FuseCP.Providers.Web.IIS70/SSL/SSLModuleService.cs	566
cs/static-field-written-by-instance	FuseCP/Sources/FuseCP.Providers.Virtualization.HyperV-vmm/PowerShellManager.cs	47
cs/static-field-written-by-instance	FuseCP/Sources/FuseCP.Providers.Virtualization.HyperV-2012R2/HyperV2012R2.cs	131
cs/static-field-written-by-instance	FuseCP/Sources/FuseCP.Providers.Virtualization.HyperV-2025/PowerShellManager.cs	47
cs/static-field-written-by-instance	FuseCP/Sources/FuseCP.Providers.Virtualization.HyperV-2022/PowerShellManager.cs	47
cs/static-field-written-by-instance	FuseCP/Sources/FuseCP.Providers.Virtualization.HyperV-2019/PowerShellManager.cs	47
cs/static-field-written-by-instance	FuseCP/Sources/FuseCP.Providers.Virtualization.HyperV-2016/PowerShellManager.cs	47
cs/static-field-written-by-instance	FuseCP/Sources/FuseCP.Providers.Virtualization.HyperV-2012R2/PowerShellManager.cs	61
cs/static-field-written-by-instance	FuseCP/Sources/FuseCP.Providers.StorageSpaces.Windows2016/Windows2016.cs	333
cs/static-field-written-by-instance	FuseCP/Sources/FuseCP.Providers.OS.Windows2025/Windows2025.cs	334
cs/static-field-written-by-instance	FuseCP/Sources/FuseCP.Providers.OS.Windows2016/Windows2016.cs	1384
cs/static-field-written-by-instance	FuseCP/Sources/FuseCP.Providers.OS.Windows2022/Windows2022.cs	334
cs/static-field-written-by-instance	FuseCP/Sources/FuseCP.Providers.OS.Windows2016/Windows2016.cs	1776
cs/static-field-written-by-instance	FuseCP/Sources/FuseCP.Providers.OS.Windows2019/Windows2019.cs	334
cs/static-field-written-by-instance	FuseCP/Sources/FuseCP.Providers.OS.Unix/Unix.cs	918
cs/static-field-written-by-instance	FuseCP/Sources/FuseCP.Providers.HostedSolution.SharePoint2016Ent/HostedSharePointServer2016EntImpl.cs	567
cs/static-field-written-by-instance	FuseCP/Sources/FuseCP.Providers.HostedSolution.SharePoint2019/HostedSharePointServer2019Impl.cs	567
cs/static-field-written-by-instance	FuseCP/Sources/FuseCP.Providers.HostedSolution.SharePoint2016/HostedSharePointServer2016Impl.cs	567
cs/static-field-written-by-instance	FuseCP/Sources/FuseCP.Providers.HostedSolution.SharePoint2013Ent/HostedSharePointServer2013EntImpl.cs	567
cs/static-field-written-by-instance	FuseCP/Sources/FuseCP.Providers.HostedSolution.SharePoint2013/HostedSharePointServer2013Impl.cs	567
cs/static-field-written-by-instance	FuseCP/Sources/FuseCP.Providers.HostedSolution.SfB2019/SfBBase.cs	226
cs/static-field-written-by-instance	FuseCP/Sources/FuseCP.Providers.HostedSolution.SfB2015/SfBBase.cs	226
cs/static-field-written-by-instance	FuseCP/Sources/FuseCP.Providers.HostedSolution.Lync2013HP/Lync2013HP.cs	1310
cs/static-field-written-by-instance	FuseCP/Sources/FuseCP.Providers.HostedSolution.Exchange2019/Exchange2019.cs	6953
cs/static-field-written-by-instance	FuseCP/Sources/FuseCP.Providers.HostedSolution.Exchange2016/Exchange2016.cs	6953
cs/static-field-written-by-instance	FuseCP/Sources/FuseCP.Providers.HostedSolution.Lync2013/LyncBase.cs	226
cs/static-field-written-by-instance	FuseCP/Sources/FuseCP.Providers.HostedSolution.Exchange2013/Exchange2013.cs	6919
cs/static-field-written-by-instance	FuseCP/Sources/FuseCP.Providers.HostedSolution.Exchange2019/Exchange2019.cs	2648
cs/static-field-written-by-instance	FuseCP/Sources/FuseCP.Providers.HostedSolution.Exchange2016/Exchange2016.cs	2649
cs/static-field-written-by-instance	FuseCP/Sources/FuseCP.Providers.HostedSolution.Exchange2013/Exchange2013.cs	2649
cs/static-field-written-by-instance	FuseCP/Sources/FuseCP.Providers.HostedSolution/Lync2010.cs	1303
cs/static-field-written-by-instance	FuseCP/Sources/FuseCP.Providers.HostedSolution/Exchange2010SP2.cs	656
cs/static-field-written-by-instance	FuseCP/Sources/FuseCP.Providers.EnterpriseStorage.Windows2016/SyncShareService.cs	115
cs/simplifiable-boolean-expression	FuseCP/Sources/FuseCP.Providers.Database.MySQL/MySqlServer.cs	119
cs/simplifiable-boolean-expression	FuseCP/Sources/FuseCP.Providers.Database.MariaDB/MariaDB101.cs	104
cs/missed-using-statement	FuseCP/Sources/FuseCP.Providers.Virtualization.HyperV-2012R2/Helpers/FileSystemHelper.cs	322
cs/missed-using-statement	FuseCP/Sources/FuseCP.Providers.Virtualization.HyperV-2012R2/Helpers/FileSystemHelper.cs	321
cs/missed-using-statement	FuseCP/Sources/FuseCP.Providers.Virtualization.HyperV-2012R2/Helpers/FileSystemHelper.cs	272
cs/missed-using-statement	FuseCP/Sources/FuseCP.Providers.DNS.SimpleDNS90/SimpleDNS9.cs	276
cs/missed-using-statement	FuseCP/Sources/FuseCP.Providers.DNS.SimpleDNS90/SimpleDNS9.cs	214
cs/missed-using-statement	FuseCP/Sources/FuseCP.Providers.DNS.SimpleDNS90/SimpleDNS9.cs	153
cs/missed-using-statement	FuseCP/Sources/FuseCP.Providers.DNS.SimpleDNS90/SimpleDNS9.cs	91
cs/missed-using-statement	FuseCP/Sources/FuseCP.Providers.DNS.SimpleDNS80/SimpleDNS8.cs	274
cs/missed-using-statement	FuseCP/Sources/FuseCP.Providers.DNS.SimpleDNS80/SimpleDNS8.cs	212
cs/missed-using-statement	FuseCP/Sources/FuseCP.Providers.DNS.SimpleDNS80/SimpleDNS8.cs	151
cs/missed-using-statement	FuseCP/Sources/FuseCP.Providers.DNS.SimpleDNS80/SimpleDNS8.cs	89
cs/missed-ternary-operator	FuseCP/Sources/FuseCP.Providers.Mail.SmarterMail2/SmarterMail2.cs	338
cs/missed-readonly-modifier	FuseCP/Sources/FuseCP.Server/WebServices/Microsoft.CodeAnalysis.Razor.Compiler/Microsoft.NET.Sdk.Razor.SourceGenerators.RazorSourceGenerator/Pages/Index_cshtml.g.cs	57
cs/web/missing-function-level-access-control	FuseCP/Sources/FuseCP.Providers.OS.Unix/ServiceControllers/LaunchdServcieController.cs	98
cs/zipslip	FuseCP/Sources/FuseCP.EnterpriseServer.Code/Common/FileUtils.cs	72
cs/linq/missed-select	FuseCP/Sources/FuseCP.EnterpriseServer.Code/Common/FileUtils.cs	97
cs/catch-of-all-exceptions	FuseCP/Sources/FuseCP.Providers.Virtualization.HyperV-2012R2/HyperV2012R2.cs	1086
cs/missed-using-statement	FuseCP/Sources/FuseCP.Providers.Base/Common/DataContractCopier.cs	98
cs/catch-of-all-exceptions	FuseCP/Sources/FuseCP.Providers.Virtualization.HyperV-2012R2/Helpers/JobHelper.cs	75
cs/catch-of-all-exceptions	FuseCP/Sources/FuseCP.Providers.Statistics.SmarterStats/SmarterStats.cs	79
cs/catch-of-all-exceptions	FuseCP/Sources/FuseCP.Providers.Statistics.SmarterStats/SmarterStats.cs	74
cs/catch-of-all-exceptions	FuseCP/Sources/FuseCP.Providers.Statistics.SmarterStats/SmarterStats.cs	64
cs/catch-of-all-exceptions	FuseCP/Sources/FuseCP.Providers.Statistics.SmarterStats/SmarterStats.cs	49
cs/complex-block	FuseCP/Sources/FuseCP.Providers.Mail.IceWarp/IceWarp.cs	1163
cs/web/requiressl-not-set	FuseCP/Sources/FuseCP.WebPortal/Web.config	95
cs/web/missing-x-frame-options	FuseCP/Sources/FuseCP.WebDavPortal/Views/Web.config	1
cs/dereferenced-value-may-be-null	FuseCP/Sources/FuseCP.Providers.Base/OS/SkiaSharp.cs	77
cs/class-name-matches-base-class	FuseCP/Sources/FuseCP.Web.Services/UserNamePasswordValidator.cs	27
cs/call-to-unmanaged-code	FuseCP/Sources/FuseCP.Server.Utils/FileUtils.cs	966
cs/missed-readonly-modifier	FuseCP/Sources/FuseCP.EnterpriseServer/WebServices/Microsoft.CodeAnalysis.Razor.Compiler/Microsoft.NET.Sdk.Razor.SourceGenerators.RazorSourceGenerator/Pages/Index_cshtml.g.cs	50
cs/inefficient-containskey	FuseCP/Sources/FuseCP.EnterpriseServer.Data/Extensions/DatabaseUtils.cs	979
cs/inefficient-containskey	FuseCP/Sources/FuseCP.EnterpriseServer.Data/Extensions/DatabaseUtils.cs	978
cs/inefficient-containskey	FuseCP/Sources/FuseCP.EnterpriseServer.Code/VirtualizationForPrivateCloud/VirtualizationServerControllerForPrivateCloud.cs	1353
cs/inefficient-containskey	FuseCP/Sources/FuseCP.EnterpriseServer.Code/Virtualization2012/Helpers/VM/KvpExchangeHelper.cs	176
cs/inefficient-containskey	FuseCP/Sources/FuseCP.EnterpriseServer.Code/Virtualization/VirtualizationServerController.cs	1362
cs/inefficient-containskey	FuseCP/Sources/FuseCP.EnterpriseServer.Code/Servers/ServerController.cs	3678
cs/inefficient-containskey	FuseCP/Sources/FuseCP.EnterpriseServer.Code/MailServers/MailServerController.cs	799
cs/inefficient-containskey	FuseCP/Sources/FuseCP.EnterpriseServer.Code/MailServers/MailServerController.cs	344
cs/inefficient-containskey	FuseCP/Sources/FuseCP.EnterpriseServer.Code/MailServers/MailServerController.cs	311
cs/inefficient-containskey	FuseCP/Sources/FuseCP.EnterpriseServer.Code/HostedSolution/OrganizationController.cs	2995
cs/inefficient-containskey	FuseCP/Sources/FuseCP.EnterpriseServer.Code/ExchangeServer/ExchangeServerController.cs	6459
cs/inefficient-containskey	FuseCP/Sources/FuseCP.EnterpriseServer.Code/EnterpriseStorage/EnterpriseStorageController.cs	2583
cs/inefficient-containskey	FuseCP/Sources/FuseCP.EnterpriseServer.Code/DatabaseServers/DatabaseServerController.cs	275
cs/string-concatenation-in-loop	FuseCP/Sources/FuseCP.EnterpriseServer.Code/Virtualization2012/Helpers/PS/PowerShellScript.cs	111
cs/string-concatenation-in-loop	FuseCP/Sources/FuseCP.EnterpriseServer.Code/Virtualization2012/Helpers/PS/PowerShellScript.cs	110
cs/string-concatenation-in-loop	FuseCP/Sources/FuseCP.EnterpriseServer.Code/ExchangeServer/ExchangeServerController.cs	6326
cs/string-concatenation-in-loop	FuseCP/Sources/FuseCP.EnterpriseServer.Code/ExchangeServer/ExchangeServerController.cs	6323
cs/stringbuilder-creation-in-loop	FuseCP/Sources/FuseCP.Providers.Base/HostedSolution/SharePointStatisticsReport.cs	29
cs/stringbuilder-creation-in-loop	FuseCP/Sources/FuseCP.Providers.Base/HostedSolution/SharePointEnterpriseStatisticsReport.cs	29
cs/stringbuilder-creation-in-loop	FuseCP/Sources/FuseCP.Providers.Base/HostedSolution/SfBStatisticsReport.cs	29
cs/stringbuilder-creation-in-loop	FuseCP/Sources/FuseCP.Providers.Base/HostedSolution/OrganizationStatisticsReport.cs	29
cs/stringbuilder-creation-in-loop	FuseCP/Sources/FuseCP.Providers.Base/HostedSolution/LyncStatisticsReport.cs	29
cs/stringbuilder-creation-in-loop	FuseCP/Sources/FuseCP.Providers.Base/HostedSolution/ExchangeStatisticsReport.cs	31
cs/stringbuilder-creation-in-loop	FuseCP/Sources/FuseCP.Providers.Base/HostedSolution/CRMStatisticsReport.cs	28
cs/linq/missed-where	FuseCP/Sources/FuseCP.EnterpriseServer.Data/Extensions/ObjectUtils.cs	253
cs/linq/missed-where	FuseCP/Sources/FuseCP.EnterpriseServer.Code/Virtualization2012/Helpers/VirtualMachineHelper.cs	218
cs/linq/missed-select	FuseCP/Sources/FuseCP.Server.Utils/FileUtils.cs	355
cs/linq/missed-select	FuseCP/Sources/FuseCP.Providers.Base/Web/HtaccessFolder.cs	267
cs/linq/missed-select	FuseCP/Sources/FuseCP.Providers.Base/OS/TunnelSockets/QueryStringDictionary.cs	59
cs/linq/missed-select	FuseCP/Sources/FuseCP.EnterpriseServer.Code/HostedSolution/OCSController.cs	79
cs/linq/missed-all	FuseCP/Sources/FuseCP.Providers.Database.SqlServer/MsSqlServer.Legacy.cs	673
cs/linq/missed-all	FuseCP/Sources/FuseCP.Providers.Database.SqlServer/MsSqlServer.cs	734
cs/linq/inconsistent-enumeration	FuseCP/Sources/FuseCP.EnterpriseServer.Code/Data/DataProvider.cs	14245
cs/linq/inconsistent-enumeration	FuseCP/Sources/FuseCP.EnterpriseServer.Code/Data/DataProvider.cs	13115
cs/linq/inconsistent-enumeration	FuseCP/Sources/FuseCP.EnterpriseServer.Code/Data/DataProvider.cs	12956
cs/static-field-written-by-instance	FuseCP/Sources/FuseCP.Web.Services/TunnelHandler.cs	73
cs/static-field-written-by-instance	FuseCP/Sources/FuseCP.Web.Clients/ClientAssemblyBase.cs	65
cs/static-field-written-by-instance	FuseCP/Sources/FuseCP.Server.Utils/PowerShellManager.cs	47
cs/static-field-written-by-instance	FuseCP/Sources/FuseCP.Server.Utils/LogParser/LogReader.cs	156
cs/static-field-written-by-instance	FuseCP/Sources/FuseCP.Server/Code/ServerConfiguration.cs	63
cs/static-field-written-by-instance	FuseCP/Sources/FuseCP.SchedulerService/SchedulerService.cs	44
cs/static-field-written-by-instance	FuseCP/Sources/FuseCP.Providers.Base/OS/TunnelSockets/TunnelService.cs	34
cs/static-field-written-by-instance	FuseCP/Sources/FuseCP.EnterpriseServer.Data/DbContext.cs	230
cs/static-field-written-by-instance	FuseCP/Sources/FuseCP.EnterpriseServer.Data/DbContext.cs	228
cs/static-field-written-by-instance	FuseCP/Sources/FuseCP.EnterpriseServer.Data/DbContext.cs	227
cs/static-field-written-by-instance	FuseCP/Sources/FuseCP.EnterpriseServer.Data/DbContext.cs	226
cs/static-field-written-by-instance	FuseCP/Sources/FuseCP.EnterpriseServer.Data/DbContext.cs	225
cs/static-field-written-by-instance	FuseCP/Sources/FuseCP.EnterpriseServer.Code/Tasks/TaskManager.cs	73
cs/static-field-written-by-instance	FuseCP/Sources/FuseCP.EnterpriseServer.Code/Tasks/TaskManager.cs	509
cs/static-field-written-by-instance	FuseCP/Sources/FuseCP.EnterpriseServer.Code/Tasks/TaskManager.cs	485
cs/static-field-written-by-instance	FuseCP/Sources/FuseCP.EnterpriseServer.Code/Tasks/TaskManager.cs	61
cs/static-field-written-by-instance	FuseCP/Sources/FuseCP.EnterpriseServer.Code/Tasks/TaskManager.cs	56
cs/static-field-written-by-instance	FuseCP/Sources/FuseCP.EnterpriseServer.Code/Data/DataProvider.cs	121
cs/static-field-written-by-instance	FuseCP/Sources/FuseCP.EnterpriseServer/WebServices/FuseCP.Build/EnterpriseServerProxyConfigurator.cs	43
cs/static-field-written-by-instance	FuseCP/Sources/FuseCP.EnterpriseServer/Code/EnterpriseServerTunnelService.cs	39
cs/reference-equality-with-object	FuseCP/Sources/FuseCP.EnterpriseServer.Code/Common/Extensions/LogExtension.cs	307
cs/useless-type-test	FuseCP/Sources/FuseCP.EnterpriseServer.Data/Extensions/EntityDataReader.cs	241
cs/useless-type-test	FuseCP/Sources/FuseCP.EnterpriseServer.Data/DbContext.cs	399
cs/unused-property-value	FuseCP/Sources/FuseCP.EnterpriseServer.Base/SpamExperts/SpamExperts.cs	71
cs/simplifiable-boolean-expression	FuseCP/Sources/FuseCP.EnterpriseServer.Data/obj/Debug/net10.0/generated/System.Text.RegularExpressions.Generator/System.Text.RegularExpressions.Generator.RegexGenerator/RegexGenerator.g.cs	1427
cs/nested-if-statements	FuseCP/Sources/FuseCP.EnterpriseServer.Data/obj/Debug/net10.0/generated/System.Text.RegularExpressions.Generator/System.Text.RegularExpressions.Generator.RegexGenerator/RegexGenerator.g.cs	605
cs/nested-if-statements	FuseCP/Sources/FuseCP.EnterpriseServer.Data/obj/Debug/net10.0/generated/System.Text.RegularExpressions.Generator/System.Text.RegularExpressions.Generator.RegexGenerator/RegexGenerator.g.cs	182
cs/missed-using-statement	FuseCP/Sources/FuseCP.Web.Services/TunnelHandler.cs	43
cs/missed-using-statement	FuseCP/Sources/FuseCP.Web.Clients/ClientAssemblyBase.cs	129
cs/missed-using-statement	FuseCP/Sources/FuseCP.Server.Utils/LogParser/LogState.cs	40
cs/missed-using-statement	FuseCP/Sources/FuseCP.EnterpriseServer.Data/Extensions/ObjectUtils.cs	203
cs/missed-using-statement	FuseCP/Sources/FuseCP.EnterpriseServer.Code/System/SystemController.cs	60
cs/missed-using-statement	FuseCP/Sources/FuseCP.EnterpriseServer.Code/Data/DataProvider.cs	18952
cs/missed-using-statement	FuseCP/Sources/FuseCP.EnterpriseServer.Code/Data/DataProvider.cs	18665
cs/missed-using-statement	FuseCP/Sources/FuseCP.EnterpriseServer.Code/Data/DataProvider.cs	18545
cs/missed-using-statement	FuseCP/Sources/FuseCP.EnterpriseServer.Code/Data/DataProvider.cs	18409
cs/missed-using-statement	FuseCP/Sources/FuseCP.EnterpriseServer.Code/Data/DataProvider.cs	18287
cs/missed-using-statement	FuseCP/Sources/FuseCP.EnterpriseServer.Code/Data/DataProvider.cs	12594
cs/missed-using-statement	FuseCP/Sources/FuseCP.EnterpriseServer.Code/Data/DataProvider.cs	10534
cs/missed-using-statement	FuseCP/Sources/FuseCP.EnterpriseServer.Code/Data/DataProvider.cs	7392
cs/missed-using-statement	FuseCP/Sources/FuseCP.EnterpriseServer.Code/Common/MailHelper.cs	170
cs/missed-ternary-operator	FuseCP/Sources/FuseCP.EnterpriseServer.Data/Extensions/DatabaseUtils.cs	59
cs/missed-ternary-operator	FuseCP/Sources/FuseCP.EnterpriseServer.Data/CodeTemplates/EFCore/Scaffold.cs	307
cs/missed-ternary-operator	FuseCP/Sources/FuseCP.EnterpriseServer.Code/Data/DataProvider.cs	19246
cs/missed-ternary-operator	FuseCP/Sources/FuseCP.EnterpriseServer.Code/Data/DataProvider.cs	19148
cs/missed-ternary-operator	FuseCP/Sources/FuseCP.EnterpriseServer.Code/Data/DataProvider.cs	18984
cs/missed-ternary-operator	FuseCP/Sources/FuseCP.EnterpriseServer.Code/Data/DataProvider.cs	18236
cs/missed-ternary-operator	FuseCP/Sources/FuseCP.EnterpriseServer.Code/Data/DataProvider.cs	16182
cs/missed-ternary-operator	FuseCP/Sources/FuseCP.EnterpriseServer.Code/Data/DataProvider.cs	16079
cs/missed-ternary-operator	FuseCP/Sources/FuseCP.EnterpriseServer.Code/Data/DataProvider.cs	10439
cs/missed-ternary-operator	FuseCP/Sources/FuseCP.EnterpriseServer.Code/Data/DataProvider.cs	7469
cs/missed-ternary-operator	FuseCP/Sources/FuseCP.EnterpriseServer.Code/Data/DataProvider.cs	5083
cs/missed-ternary-operator	FuseCP/Sources/FuseCP.EnterpriseServer.Code/Data/DataProvider.cs	4304
cs/missed-ternary-operator	FuseCP/Sources/FuseCP.EnterpriseServer.Code/Common/ConfigSettings.cs	140
cs/missed-ternary-operator	FuseCP/Sources/FuseCP.EnterpriseServer.Base/Reports/OverusageReport.Designer.cs	2397
cs/missed-ternary-operator	FuseCP/Sources/FuseCP.EnterpriseServer.Base/Reports/OverusageReport.Designer.cs	2265
cs/missed-ternary-operator	FuseCP/Sources/FuseCP.EnterpriseServer.Base/Reports/OverusageReport.Designer.cs	2133
cs/missed-ternary-operator	FuseCP/Sources/FuseCP.EnterpriseServer.Base/Reports/OverusageReport.Designer.cs	2122
cs/catch-of-all-exceptions	FuseCP/Sources/FuseCP.Web.Services/Server.cs	44
cs/catch-of-all-exceptions	FuseCP/Sources/FuseCP.Web.Services/RestAuthorizationManager.cs	70
cs/catch-of-all-exceptions	FuseCP/Sources/FuseCP.EnterpriseServer.Tests/Initialization/EnterpriseServer.cs	329
cs/catch-of-all-exceptions	FuseCP/Sources/FuseCP.EnterpriseServer.Tests/Initialization/EnterpriseServer.cs	279
cs/useless-assignment-to-local	FuseCP/Sources/FuseCP.EnterpriseServer.Data/obj/Debug/net10.0/generated/System.Text.RegularExpressions.Generator/System.Text.RegularExpressions.Generator.RegexGenerator/RegexGenerator.g.cs	1490
cs/useless-assignment-to-local	FuseCP/Sources/FuseCP.EnterpriseServer.Data/obj/Debug/net10.0/generated/System.Text.RegularExpressions.Generator/System.Text.RegularExpressions.Generator.RegexGenerator/RegexGenerator.g.cs	1511
cs/useless-assignment-to-local	FuseCP/Sources/FuseCP.EnterpriseServer.Data/obj/Debug/net10.0/generated/System.Text.RegularExpressions.Generator/System.Text.RegularExpressions.Generator.RegexGenerator/RegexGenerator.g.cs	1503
cs/useless-assignment-to-local	FuseCP/Sources/FuseCP.EnterpriseServer.Data/obj/Debug/net10.0/generated/System.Text.RegularExpressions.Generator/System.Text.RegularExpressions.Generator.RegexGenerator/RegexGenerator.g.cs	1500
cs/useless-assignment-to-local	FuseCP/Sources/FuseCP.EnterpriseServer.Data/obj/Debug/net10.0/generated/System.Text.RegularExpressions.Generator/System.Text.RegularExpressions.Generator.RegexGenerator/RegexGenerator.g.cs	1403
cs/useless-assignment-to-local	FuseCP/Sources/FuseCP.EnterpriseServer.Data/obj/Debug/net10.0/generated/System.Text.RegularExpressions.Generator/System.Text.RegularExpressions.Generator.RegexGenerator/RegexGenerator.g.cs	1368
cs/useless-assignment-to-local	FuseCP/Sources/FuseCP.EnterpriseServer.Data/obj/Debug/net10.0/generated/System.Text.RegularExpressions.Generator/System.Text.RegularExpressions.Generator.RegexGenerator/RegexGenerator.g.cs	1542
cs/dereferenced-value-may-be-null	FuseCP/Sources/FuseCP.EnterpriseServer.Data/Extensions/DatabaseUtils.cs	1720
cs/dereferenced-value-may-be-null	FuseCP/Sources/FuseCP.EnterpriseServer.Data/Extensions/DatabaseUtils.cs	980
cs/dereferenced-value-may-be-null	FuseCP/Sources/FuseCP.EnterpriseServer.Code/WebServers/WebServerController.cs	4197
cs/dereferenced-value-may-be-null	FuseCP/Sources/FuseCP.EnterpriseServer.Code/Virtualization2012/UseCase/CreateVirtualMachineHandler.cs	207
cs/dereferenced-value-may-be-null	FuseCP/Sources/FuseCP.EnterpriseServer.Code/Virtualization2012/UseCase/CreateVirtualMachineHandler.cs	441
cs/dereferenced-value-may-be-null	FuseCP/Sources/FuseCP.EnterpriseServer.Code/Virtualization2012/Tasks/ReinstallVirtualMachineTask.cs	118
cs/dereferenced-value-may-be-null	FuseCP/Sources/FuseCP.EnterpriseServer.Code/Virtualization2012/Tasks/ReinstallVirtualMachineTask.cs	99
cs/dereferenced-value-may-be-null	FuseCP/Sources/FuseCP.EnterpriseServer.Code/Virtualization2012/Helpers/VirtualizationHelper.cs	63
cs/dereferenced-value-may-be-null	FuseCP/Sources/FuseCP.EnterpriseServer.Code/RemoteDesktopServices/RemoteDesktopServicesController.cs	723
cs/dereferenced-value-may-be-null	FuseCP/Sources/FuseCP.EnterpriseServer.Code/OperatingSystems/OperatingSystemController.cs	713
cs/dereferenced-value-may-be-null	FuseCP/Sources/FuseCP.EnterpriseServer.Code/Data/DataProvider.cs	19114
cs/dereferenced-value-may-be-null	FuseCP/Sources/FuseCP.EnterpriseServer.Code/Files/FilesController.cs	585
cs/dereferenced-value-may-be-null	FuseCP/Sources/FuseCP.EnterpriseServer.Code/Files/FilesController.cs	486
cs/dereferenced-value-may-be-null	FuseCP/Sources/FuseCP.EnterpriseServer.Code/Files/FilesController.cs	425
cs/dereferenced-value-may-be-null	FuseCP/Sources/FuseCP.EnterpriseServer.Code/Files/FilesController.cs	281
cs/dereferenced-value-is-always-null	FuseCP/Sources/FuseCP.EnterpriseServer.Code/VirtualizationProxmox/VirtualizationServerControllerProxmox.cs	1911
cs/complex-condition	FuseCP/Sources/FuseCP.EnterpriseServer.Data/Extensions/MigrationBuilderExtension.cs	106
cs/complex-condition	FuseCP/Sources/FuseCP.EnterpriseServer.Code/WebServers/WebServerController.cs	3916
cs/complex-condition	FuseCP/Sources/FuseCP.EnterpriseServer.Code/Data/DataProvider.cs	16274
cs/complex-condition	FuseCP/Sources/FuseCP.EnterpriseServer.Code/Data/DataProvider.cs	12813
cs/complex-condition	FuseCP/Sources/FuseCP.EnterpriseServer.Code/Data/DataProvider.cs	12612
cs/complex-condition	FuseCP/Sources/FuseCP.EnterpriseServer.Code/Data/DataProvider.cs	7704
cs/complex-condition	FuseCP/Sources/FuseCP.EnterpriseServer.Code/Data/DataProvider.cs	1803
cs/complex-condition	FuseCP/Sources/FuseCP.EnterpriseServer.Code/Data/DataProvider.cs	1660
cs/complex-condition	FuseCP/Sources/FuseCP.EnterpriseServer.Code/Data/DataProvider.cs	857
cs/complex-condition	FuseCP/Sources/FuseCP.EnterpriseServer.Code/Data/DataProvider.cs	648
cs/complex-condition	FuseCP/Sources/FuseCP.EnterpriseServer.Code/Data/DataProvider.cs	5988
cs/complex-condition	FuseCP/Sources/FuseCP.EnterpriseServer.Code/Common/IPAddress.cs	159
cs/complex-condition	FuseCP/Sources/FuseCP.EnterpriseServer.Code/Common/IPAddress.cs	145
cs/virtual-call-in-constructor	FuseCP/Sources/FuseCP.EnterpriseServer.Data/Extensions/TempIdSet.cs	224
cs/virtual-call-in-constructor	FuseCP/Sources/FuseCP.EnterpriseServer.Data/Extensions/TempIdSet.cs	65
cs/virtual-call-in-constructor	FuseCP/Sources/FuseCP.EnterpriseServer.Data/Extensions/EntityDataReader.cs	106
cs/virtual-call-in-constructor	FuseCP/Sources/FuseCP.EnterpriseServer.Data/Extensions/EntityDataReader.cs	106
cs/virtual-call-in-constructor	FuseCP/Sources/FuseCP.EnterpriseServer.Data/Extensions/EntityDataReader.cs	106
cs/virtual-call-in-constructor	FuseCP/Sources/FuseCP.EnterpriseServer.Data/Extensions/EntityDataReader.cs	105
cs/virtual-call-in-constructor	FuseCP/Sources/FuseCP.EnterpriseServer.Data/Extensions/EntityDataReader.cs	104
cs/virtual-call-in-constructor	FuseCP/Sources/FuseCP.EnterpriseServer.Data/Extensions/EntityDataReader.cs	103
cs/virtual-call-in-constructor	FuseCP/Sources/FuseCP.EnterpriseServer.Base/Reports/OverusageReport.Designer.cs	1424
cs/virtual-call-in-constructor	FuseCP/Sources/FuseCP.EnterpriseServer.Base/Reports/OverusageReport.Designer.cs	1422
cs/virtual-call-in-constructor	FuseCP/Sources/FuseCP.EnterpriseServer.Base/Reports/OverusageReport.Designer.cs	1124
cs/virtual-call-in-constructor	FuseCP/Sources/FuseCP.EnterpriseServer.Base/Reports/OverusageReport.Designer.cs	1122
cs/virtual-call-in-constructor	FuseCP/Sources/FuseCP.EnterpriseServer.Base/Reports/OverusageReport.Designer.cs	828
cs/virtual-call-in-constructor	FuseCP/Sources/FuseCP.EnterpriseServer.Base/Reports/OverusageReport.Designer.cs	826
cs/virtual-call-in-constructor	FuseCP/Sources/FuseCP.EnterpriseServer.Base/Reports/OverusageReport.Designer.cs	415
cs/virtual-call-in-constructor	FuseCP/Sources/FuseCP.EnterpriseServer.Base/Reports/OverusageReport.Designer.cs	413
cs/class-name-matches-base-class	FuseCP/Sources/FuseCP.EnterpriseServer/WebServices/FuseCP.Build/FuseCP.Build.WebServices/esWebServers.g.cs	420
cs/class-name-matches-base-class	FuseCP/Sources/FuseCP.EnterpriseServer/WebServices/FuseCP.Build/FuseCP.Build.WebServices/esVirtualizationServerProxmox.g.cs	317
cs/class-name-matches-base-class	FuseCP/Sources/FuseCP.EnterpriseServer/WebServices/FuseCP.Build/FuseCP.Build.WebServices/esVirtualizationServerForPrivateCloud.g.cs	299
cs/class-name-matches-base-class	FuseCP/Sources/FuseCP.EnterpriseServer/WebServices/FuseCP.Build/FuseCP.Build.WebServices/esVirtualizationServer2012.g.cs	437
cs/class-name-matches-base-class	FuseCP/Sources/FuseCP.EnterpriseServer/WebServices/FuseCP.Build/FuseCP.Build.WebServices/esVirtualizationServer.g.cs	268
cs/class-name-matches-base-class	FuseCP/Sources/FuseCP.EnterpriseServer/WebServices/FuseCP.Build/FuseCP.Build.WebServices/esUsers.g.cs	214
cs/class-name-matches-base-class	FuseCP/Sources/FuseCP.EnterpriseServer/WebServices/FuseCP.Build/FuseCP.Build.WebServices/esTest.g.cs	55
cs/class-name-matches-base-class	FuseCP/Sources/FuseCP.EnterpriseServer/WebServices/FuseCP.Build/FuseCP.Build.WebServices/esTasks.g.cs	72
cs/class-name-matches-base-class	FuseCP/Sources/FuseCP.EnterpriseServer/WebServices/FuseCP.Build/FuseCP.Build.WebServices/esSystem.g.cs	87
cs/class-name-matches-base-class	FuseCP/Sources/FuseCP.EnterpriseServer/WebServices/FuseCP.Build/FuseCP.Build.WebServices/esStorageSpaces.g.cs	123
cs/class-name-matches-base-class	FuseCP/Sources/FuseCP.EnterpriseServer/WebServices/FuseCP.Build/FuseCP.Build.WebServices/esStatisticsServers.g.cs	73
cs/class-name-matches-base-class	FuseCP/Sources/FuseCP.EnterpriseServer/WebServices/FuseCP.Build/FuseCP.Build.WebServices/esSpamExperts.g.cs	77
cs/class-name-matches-base-class	FuseCP/Sources/FuseCP.EnterpriseServer/WebServices/FuseCP.Build/FuseCP.Build.WebServices/esSharePointServers.g.cs	142
cs/class-name-matches-base-class	FuseCP/Sources/FuseCP.EnterpriseServer/WebServices/FuseCP.Build/FuseCP.Build.WebServices/esSfB.g.cs	115
cs/class-name-matches-base-class	FuseCP/Sources/FuseCP.EnterpriseServer/WebServices/FuseCP.Build/FuseCP.Build.WebServices/esServers.g.cs	577
cs/class-name-matches-base-class	FuseCP/Sources/FuseCP.EnterpriseServer/WebServices/FuseCP.Build/FuseCP.Build.WebServices/esScheduler.g.cs	97
cs/class-name-matches-base-class	FuseCP/Sources/FuseCP.EnterpriseServer/WebServices/FuseCP.Build/FuseCP.Build.WebServices/esRemoteDesktopServices.g.cs	280
cs/class-name-matches-base-class	FuseCP/Sources/FuseCP.EnterpriseServer/WebServices/FuseCP.Build/FuseCP.Build.WebServices/esPackages.g.cs	309
cs/class-name-matches-base-class	FuseCP/Sources/FuseCP.EnterpriseServer/WebServices/FuseCP.Build/FuseCP.Build.WebServices/esOrganizations.g.cs	322
cs/class-name-matches-base-class	FuseCP/Sources/FuseCP.EnterpriseServer/WebServices/FuseCP.Build/FuseCP.Build.WebServices/esOperatingSystems.g.cs	77
cs/class-name-matches-base-class	FuseCP/Sources/FuseCP.EnterpriseServer/WebServices/FuseCP.Build/FuseCP.Build.WebServices/esOCS.g.cs	66
cs/class-name-matches-base-class	FuseCP/Sources/FuseCP.EnterpriseServer/WebServices/FuseCP.Build/FuseCP.Build.WebServices/esMailServers.g.cs	177
cs/class-name-matches-base-class	FuseCP/Sources/FuseCP.EnterpriseServer/WebServices/FuseCP.Build/FuseCP.Build.WebServices/esLync.g.cs	115
cs/class-name-matches-base-class	FuseCP/Sources/FuseCP.EnterpriseServer/WebServices/FuseCP.Build/FuseCP.Build.WebServices/esImport.g.cs	57
cs/class-name-matches-base-class	FuseCP/Sources/FuseCP.EnterpriseServer/WebServices/FuseCP.Build/FuseCP.Build.WebServices/esHostedSharePointServersEnt.g.cs	104
cs/class-name-matches-base-class	FuseCP/Sources/FuseCP.EnterpriseServer/WebServices/FuseCP.Build/FuseCP.Build.WebServices/esHostedSharePointServers.g.cs	104
cs/class-name-matches-base-class	FuseCP/Sources/FuseCP.EnterpriseServer/WebServices/FuseCP.Build/FuseCP.Build.WebServices/esFtpServers.g.cs	73
cs/class-name-matches-base-class	FuseCP/Sources/FuseCP.EnterpriseServer/WebServices/FuseCP.Build/FuseCP.Build.WebServices/esFiles.g.cs	157
cs/class-name-matches-base-class	FuseCP/Sources/FuseCP.EnterpriseServer/WebServices/FuseCP.Build/FuseCP.Build.WebServices/esExchangeServer.g.cs	509
cs/class-name-matches-base-class	FuseCP/Sources/FuseCP.EnterpriseServer/WebServices/FuseCP.Build/FuseCP.Build.WebServices/esEnterpriseStorage.g.cs	216
cs/class-name-matches-base-class	FuseCP/Sources/FuseCP.EnterpriseServer/WebServices/FuseCP.Build/FuseCP.Build.WebServices/esDatabaseServers.g.cs	121
cs/class-name-matches-base-class	FuseCP/Sources/FuseCP.EnterpriseServer/WebServices/FuseCP.Build/FuseCP.Build.WebServices/esCRM.g.cs	123
cs/class-name-matches-base-class	FuseCP/Sources/FuseCP.EnterpriseServer/WebServices/FuseCP.Build/FuseCP.Build.WebServices/esComments.g.cs	56
cs/class-name-matches-base-class	FuseCP/Sources/FuseCP.EnterpriseServer/WebServices/FuseCP.Build/FuseCP.Build.WebServices/esBlackBerry.g.cs	72
cs/class-name-matches-base-class	FuseCP/Sources/FuseCP.EnterpriseServer/WebServices/FuseCP.Build/FuseCP.Build.WebServices/esBackup.g.cs	57
cs/class-name-matches-base-class	FuseCP/Sources/FuseCP.EnterpriseServer/WebServices/FuseCP.Build/FuseCP.Build.WebServices/esAuthentication.g.cs	80
cs/class-name-matches-base-class	FuseCP/Sources/FuseCP.EnterpriseServer/WebServices/FuseCP.Build/FuseCP.Build.WebServices/esAuditLog.g.cs	68
cs/expose-implementation	FuseCP/Sources/FuseCP.Templates/Parser.cs	62
cs/empty-catch-block	FuseCP/Sources/FuseCP.EnterpriseServer.Tests/Initialization/EnterpriseServer.cs	329
cs/constant-condition	FuseCP/Sources/FuseCP.Tests/Initialization/Servers.cs	154
cs/constant-condition	FuseCP/Sources/FuseCP.Tests/Initialization/Servers.cs	281
cs/constant-condition	FuseCP/Sources/FuseCP.Templates/AST/BinaryExpression.cs	135
cs/constant-condition	FuseCP/Sources/FuseCP.EnterpriseServer.Data/obj/Debug/net10.0/generated/System.Text.RegularExpressions.Generator/System.Text.RegularExpressions.Generator.RegexGenerator/RegexGenerator.g.cs	1427
cs/constant-condition	FuseCP/Sources/FuseCP.EnterpriseServer.Data/Extensions/DatabaseUtils.cs	1477
cs/constant-condition	FuseCP/Sources/FuseCP.EnterpriseServer.Code/Virtualization2012/UseCase/UpdateVirtualMachineResourceHandler.cs	316
cs/constant-condition	FuseCP/Sources/FuseCP.EnterpriseServer.Code/Virtualization2012/Tasks/ReinstallVirtualMachineTask.cs	135
cs/constant-condition	FuseCP/Sources/FuseCP.EnterpriseServer.Code/ExchangeServer/ExchangeServerController.cs	1821
cs/constant-condition	FuseCP/Sources/FuseCP.EnterpriseServer.Code/Data/DataProvider.cs	9341
cs/constant-condition	FuseCP/Sources/FuseCP.EnterpriseServer.Code/EnterpriseStorage/EnterpriseStorageController.cs	772
cs/coupled-types	FuseCP/Sources/FuseCP.EnterpriseServer.Code/Packages/PackageController.cs	45
cs/local-not-disposed	FuseCP/Sources/FuseCP.EnterpriseServer.Base/Reports/OverusageReport.Designer.cs	211
cs/local-not-disposed	FuseCP/Sources/FuseCP.EnterpriseServer.Base/Reports/OverusageReport.Designer.cs	209
cs/local-not-disposed	FuseCP/Sources/FuseCP.EnterpriseServer.Base/Reports/OverusageReport.Designer.cs	208
cs/local-not-disposed	FuseCP/Sources/FuseCP.EnterpriseServer.Base/Reports/OverusageReport.Designer.cs	176
cs/web/insecure-direct-object-reference	FuseCP/Sources/FuseCP.EnterpriseServer.Code/Tasks/TaskController.cs	156
cs/web/insecure-direct-object-reference	FuseCP/Sources/FuseCP.EnterpriseServer.Code/Tasks/TaskController.cs	151
cs/web/insecure-direct-object-reference	FuseCP/Sources/FuseCP.EnterpriseServer.Code/HostedSolution/OrganizationController.cs	3911
cs/web/insecure-direct-object-reference	FuseCP/Sources/FuseCP.EnterpriseServer.Code/ExchangeServer/ExchangeServerController.cs	1202
cs/web/insecure-direct-object-reference	FuseCP/Sources/FuseCP.EnterpriseServer.Code/ExchangeServer/ExchangeServerController.cs	1196
cs/web/missing-function-level-access-control	FuseCP/Sources/FuseCP.EnterpriseServer.Code/Users/UserController.cs	1170
cs/web/missing-function-level-access-control	FuseCP/Sources/FuseCP.EnterpriseServer.Code/Users/UserController.cs	920
cs/web/missing-function-level-access-control	FuseCP/Sources/FuseCP.EnterpriseServer.Code/Users/UserController.cs	915
cs/web/missing-function-level-access-control	FuseCP/Sources/FuseCP.EnterpriseServer.Code/Users/UserController.cs	305
cs/web/missing-function-level-access-control	FuseCP/Sources/FuseCP.EnterpriseServer.Code/Tasks/TaskController.cs	156
cs/web/missing-function-level-access-control	FuseCP/Sources/FuseCP.EnterpriseServer.Code/Tasks/TaskController.cs	151
cs/web/missing-function-level-access-control	FuseCP/Sources/FuseCP.EnterpriseServer.Code/Servers/ServerController.cs	2340
cs/web/missing-function-level-access-control	FuseCP/Sources/FuseCP.EnterpriseServer.Code/Servers/ServerController.cs	2263
cs/web/missing-function-level-access-control	FuseCP/Sources/FuseCP.EnterpriseServer.Code/Servers/ServerController.cs	2258
cs/web/missing-function-level-access-control	FuseCP/Sources/FuseCP.EnterpriseServer.Code/Servers/ServerController.cs	1047
cs/web/missing-function-level-access-control	FuseCP/Sources/FuseCP.EnterpriseServer.Code/Servers/ServerController.cs	893
cs/web/missing-function-level-access-control	FuseCP/Sources/FuseCP.EnterpriseServer.Code/Scheduling/SchedulerController.cs	361
cs/web/missing-function-level-access-control	FuseCP/Sources/FuseCP.EnterpriseServer.Code/Packages/PackageController.cs	1650
cs/web/missing-function-level-access-control	FuseCP/Sources/FuseCP.EnterpriseServer.Code/Packages/PackageController.cs	945
cs/web/missing-function-level-access-control	FuseCP/Sources/FuseCP.EnterpriseServer.Code/Packages/PackageController.cs	336
cs/web/missing-function-level-access-control	FuseCP/Sources/FuseCP.EnterpriseServer.Code/Packages/PackageController.cs	223
cs/web/missing-function-level-access-control	FuseCP/Sources/FuseCP.EnterpriseServer.Code/HostedSolution/OrganizationController.cs	3911
cs/web/missing-function-level-access-control	FuseCP/Sources/FuseCP.EnterpriseServer.Code/HostedSolution/OrganizationController.cs	3198
cs/web/missing-function-level-access-control	FuseCP/Sources/FuseCP.EnterpriseServer.Code/HostedSolution/OrganizationController.cs	2197
cs/web/missing-function-level-access-control	FuseCP/Sources/FuseCP.EnterpriseServer.Code/HostedSolution/OrganizationController.cs	2192
cs/web/missing-function-level-access-control	FuseCP/Sources/FuseCP.EnterpriseServer.Code/HostedSolution/OrganizationController.cs	1593
cs/web/missing-function-level-access-control	FuseCP/Sources/FuseCP.EnterpriseServer.Code/ExchangeServer/ExchangeServerController.cs	6954
cs/web/missing-function-level-access-control	FuseCP/Sources/FuseCP.EnterpriseServer.Code/ExchangeServer/ExchangeServerController.cs	6929
cs/web/missing-function-level-access-control	FuseCP/Sources/FuseCP.EnterpriseServer.Code/ExchangeServer/ExchangeServerController.cs	6909
cs/web/missing-function-level-access-control	FuseCP/Sources/FuseCP.EnterpriseServer.Code/ExchangeServer/ExchangeServerController.cs	3167
cs/web/missing-function-level-access-control	FuseCP/Sources/FuseCP.EnterpriseServer.Code/ExchangeServer/ExchangeServerController.cs	1572
cs/web/missing-function-level-access-control	FuseCP/Sources/FuseCP.EnterpriseServer.Code/ExchangeServer/ExchangeServerController.cs	1423
cs/web/missing-function-level-access-control	FuseCP/Sources/FuseCP.EnterpriseServer.Code/ExchangeServer/ExchangeServerController.cs	1384
cs/web/missing-function-level-access-control	FuseCP/Sources/FuseCP.EnterpriseServer.Code/ExchangeServer/ExchangeServerController.cs	1351
cs/web/missing-function-level-access-control	FuseCP/Sources/FuseCP.EnterpriseServer.Code/ExchangeServer/ExchangeServerController.cs	1328
cs/web/missing-function-level-access-control	FuseCP/Sources/FuseCP.EnterpriseServer.Code/ExchangeServer/ExchangeServerController.cs	1309
cs/web/missing-function-level-access-control	FuseCP/Sources/FuseCP.EnterpriseServer.Code/ExchangeServer/ExchangeServerController.cs	1202
cs/web/missing-function-level-access-control	FuseCP/Sources/FuseCP.EnterpriseServer.Code/ExchangeServer/ExchangeServerController.cs	1196
cs/web/missing-function-level-access-control	FuseCP/Sources/FuseCP.EnterpriseServer.Code/ExchangeServer/ExchangeServerController.cs	1148
cs/web/missing-function-level-access-control	FuseCP/Sources/FuseCP.EnterpriseServer.Code/ExchangeServer/ExchangeServerController.cs	1067
cs/web/missing-function-level-access-control	FuseCP/Sources/FuseCP.EnterpriseServer.Code/ExchangeServer/ExchangeServerController.cs	125
cs/web/missing-function-level-access-control	FuseCP/Sources/FuseCP.EnterpriseServer.Code/ExchangeServer/ExchangeServerController.cs	116
cs/web/missing-function-level-access-control	FuseCP/Sources/FuseCP.EnterpriseServer.Code/ExchangeServer/ExchangeServerController.cs	106
cs/web/missing-function-level-access-control	FuseCP/Sources/FuseCP.EnterpriseServer.Code/ExchangeServer/ExchangeServerController.cs	89
cs/web/missing-function-level-access-control	FuseCP/Sources/FuseCP.EnterpriseServer.Code/ExchangeServer/ExchangeServerController.cs	54
cs/web/missing-function-level-access-control	FuseCP/Sources/FuseCP.EnterpriseServer.Code/EnterpriseStorage/EnterpriseStorageController.cs	2095
cs/web/missing-function-level-access-control	FuseCP/Sources/FuseCP.EnterpriseServer.Code/EnterpriseStorage/EnterpriseStorageController.cs	176
cs/web/missing-function-level-access-control	FuseCP/Sources/FuseCP.EnterpriseServer.Code/Comments/CommentsController.cs	45
cs/web/missing-function-level-access-control	FuseCP/Sources/FuseCP.EnterpriseServer.Code/HostedSolution/OCSController.cs	112
cs/web/debug-binary	FuseCP/Sources/FuseCP.EnterpriseServer/bin_dotnet/Web.Net6.config	74
cs/web/debug-binary	FuseCP/Bin/net10.0/Web.Net6.config	74
cs/catch-of-all-exceptions	FuseCP/Sources/FuseCP.Providers.Base/OS/Shell.cs	504
cs/complex-condition	FuseCP/Sources/FuseCP.Web.Clients/ClientBase.cs	335
cs/complex-condition	FuseCP/Sources/FuseCP.Providers.StorageSpaces.Windows2016/Windows2016.cs	1362
cs/complex-condition	FuseCP/Sources/FuseCP.Providers.EnterpriseStorage.Windows2016/Windows2016.cs	442
cs/complex-condition	FuseCP/Sources/FuseCP.Providers.Base/OS/Shell.cs	77
cs/complex-block	FuseCP/Sources/FuseCP.Server.Utils/BsdDES.cs	206
cs/complex-block	FuseCP/Sources/FuseCP.Providers.FTP.VsFtp/CryptSharp/Utility/SCrypt.cs	206
cs/complex-block	FuseCP/Sources/FuseCP.Providers.FTP.VsFtp/CryptSharp/ShaCrypter.cs	129
cs/complex-block	FuseCP/Sources/FuseCP.Providers.Base/Common/PasswdHelper.cs	72
cs/unmanaged-code	FuseCP/Sources/FuseCP.Web.Services/NativeMethods.cs	26
cs/unmanaged-code	FuseCP/Sources/FuseCP.Server.Utils/PInvoke.cs	229
cs/unmanaged-code	FuseCP/Sources/FuseCP.Server.Utils/PInvoke.cs	226
cs/unmanaged-code	FuseCP/Sources/FuseCP.Server.Utils/FileUtils.cs	1270
cs/unmanaged-code	FuseCP/Sources/FuseCP.Server.Utils/FileUtils.cs	1266
cs/unmanaged-code	FuseCP/Sources/FuseCP.Server.Utils/PInvoke.cs	223
cs/unmanaged-code	FuseCP/Sources/FuseCP.Server.Utils/PInvoke.cs	220
cs/unmanaged-code	FuseCP/Sources/FuseCP.Providers.OS.Unix/MacOSHelper.cs	47
cs/unmanaged-code	FuseCP/Sources/FuseCP.Providers.OS.Unix/MacOSHelper.cs	44
cs/unmanaged-code	FuseCP/Sources/FuseCP.Providers.Base/OS/WindowsOSInfo.cs	143
cs/unmanaged-code	FuseCP/Sources/FuseCP.Providers.Base/OS/WindowsOSInfo.cs	141
cs/unmanaged-code	FuseCP/Sources/FuseCP.Providers.Base/OS/WindowsOSInfo.cs	139
cs/unmanaged-code	FuseCP/Sources/FuseCP.Providers.Base/OS/WindowsOSInfo.cs	137
cs/unmanaged-code	FuseCP/Sources/FuseCP.Providers.Base/OS/ProcessExtensions.cs	41
cs/class-name-matches-base-class	FuseCP/Sources/FuseCP.Server/WebServices/FuseCP.Build/FuseCP.Build.WebServices/WebServer.g.cs	400
cs/class-name-matches-base-class	FuseCP/Sources/FuseCP.Server/WebServices/FuseCP.Build/FuseCP.Build.WebServices/VirtualizationServerProxmox.g.cs	293
cs/class-name-matches-base-class	FuseCP/Sources/FuseCP.Server/WebServices/FuseCP.Build/FuseCP.Build.WebServices/VirtualizationServerForPrivateCloud.g.cs	275
cs/class-name-matches-base-class	FuseCP/Sources/FuseCP.Server/WebServices/FuseCP.Build/FuseCP.Build.WebServices/VirtualizationServer2012.g.cs	348
cs/class-name-matches-base-class	FuseCP/Sources/FuseCP.Server/WebServices/FuseCP.Build/FuseCP.Build.WebServices/VirtualizationServer.g.cs	235
cs/class-name-matches-base-class	FuseCP/Sources/FuseCP.Server/WebServices/FuseCP.Build/FuseCP.Build.WebServices/TestWithAuthentication.g.cs	51
cs/class-name-matches-base-class	FuseCP/Sources/FuseCP.Server/WebServices/FuseCP.Build/FuseCP.Build.WebServices/Test.g.cs	52
cs/class-name-matches-base-class	FuseCP/Sources/FuseCP.Server/WebServices/FuseCP.Build/FuseCP.Build.WebServices/StorageSpaceServices.g.cs	125
cs/class-name-matches-base-class	FuseCP/Sources/FuseCP.Server/WebServices/FuseCP.Build/FuseCP.Build.WebServices/StatisticsServer.g.cs	74
cs/class-name-matches-base-class	FuseCP/Sources/FuseCP.Server/WebServices/FuseCP.Build/FuseCP.Build.WebServices/SpamExperts.g.cs	86
cs/class-name-matches-base-class	FuseCP/Sources/FuseCP.Server/WebServices/FuseCP.Build/FuseCP.Build.WebServices/SharePointServer.g.cs	135
cs/class-name-matches-base-class	FuseCP/Sources/FuseCP.Server/WebServices/FuseCP.Build/FuseCP.Build.WebServices/SfBServer.g.cs	95
cs/class-name-matches-base-class	FuseCP/Sources/FuseCP.Server/WebServices/FuseCP.Build/FuseCP.Build.WebServices/ServiceProvider.g.cs	85
cs/class-name-matches-base-class	FuseCP/Sources/FuseCP.Server/WebServices/FuseCP.Build/FuseCP.Build.WebServices/RemoteDesktopServices.g.cs	224
cs/class-name-matches-base-class	FuseCP/Sources/FuseCP.Server/WebServices/FuseCP.Build/FuseCP.Build.WebServices/Organizations.g.cs	186
cs/class-name-matches-base-class	FuseCP/Sources/FuseCP.Server/WebServices/FuseCP.Build/FuseCP.Build.WebServices/OperatingSystem.g.cs	307
cs/class-name-matches-base-class	FuseCP/Sources/FuseCP.Server/WebServices/FuseCP.Build/FuseCP.Build.WebServices/OCSServer.g.cs	63
cs/class-name-matches-base-class	FuseCP/Sources/FuseCP.Server/WebServices/FuseCP.Build/FuseCP.Build.WebServices/OCSEdgeServer.g.cs	51
cs/class-name-matches-base-class	FuseCP/Sources/FuseCP.Server/WebServices/FuseCP.Build/FuseCP.Build.WebServices/MailServer.g.cs	182
cs/class-name-matches-base-class	FuseCP/Sources/FuseCP.Server/WebServices/FuseCP.Build/FuseCP.Build.WebServices/LyncServer.g.cs	95
cs/class-name-matches-base-class	FuseCP/Sources/FuseCP.Server/WebServices/FuseCP.Build/FuseCP.Build.WebServices/HostedSharePointServerEnt.g.cs	97
cs/class-name-matches-base-class	FuseCP/Sources/FuseCP.Server/WebServices/FuseCP.Build/FuseCP.Build.WebServices/HostedSharePointServer.g.cs	97
cs/class-name-matches-base-class	FuseCP/Sources/FuseCP.Server/WebServices/FuseCP.Build/FuseCP.Build.WebServices/FTPServer.g.cs	102
cs/class-name-matches-base-class	FuseCP/Sources/FuseCP.Server/WebServices/FuseCP.Build/FuseCP.Build.WebServices/ExchangeServer.g.cs	402
cs/class-name-matches-base-class	FuseCP/Sources/FuseCP.Server/WebServices/FuseCP.Build/FuseCP.Build.WebServices/EnterpriseStorage.g.cs	97
cs/class-name-matches-base-class	FuseCP/Sources/FuseCP.Server/WebServices/FuseCP.Build/FuseCP.Build.WebServices/DatabaseServer.g.cs	138
cs/class-name-matches-base-class	FuseCP/Sources/FuseCP.Server/WebServices/FuseCP.Build/FuseCP.Build.WebServices/DNSServer.g.cs	88
cs/class-name-matches-base-class	FuseCP/Sources/FuseCP.Server/WebServices/FuseCP.Build/FuseCP.Build.WebServices/CRM.g.cs	112
cs/class-name-matches-base-class	FuseCP/Sources/FuseCP.Server/WebServices/FuseCP.Build/FuseCP.Build.WebServices/BlackBerry.g.cs	67
cs/class-name-matches-base-class	FuseCP/Sources/FuseCP.Server/WebServices/FuseCP.Build/FuseCP.Build.WebServices/AutoDiscovery.g.cs	66
cs/class-name-matches-base-class	FuseCP/Sources/FuseCP.Providers.StorageSpaces.Windows2016/Windows2016.cs	37
cs/empty-catch-block	FuseCP/Sources/FuseCP.Providers.Base/OS/Shell.cs	504
cs/too-many-ref-parameters	FuseCP/Sources/FuseCP.Server.Utils/PInvoke.cs	229
cs/local-shadows-member	FuseCP/Sources/FuseCP.Server/WebServices/FuseCP.Build/FuseCP.Build.WebServices/SharePointServerClient.g.cs	480
cs/local-shadows-member	FuseCP/Sources/FuseCP.Server/WebServices/FuseCP.Build/FuseCP.Build.WebServices/SharePointServerClient.g.cs	474
cs/local-shadows-member	FuseCP/Sources/FuseCP.Server/WebServices/FuseCP.Build/FuseCP.Build.WebServices/SharePointServerClient.g.cs	468
cs/local-shadows-member	FuseCP/Sources/FuseCP.Server/WebServices/FuseCP.Build/FuseCP.Build.WebServices/SharePointServerClient.g.cs	462
cs/local-shadows-member	FuseCP/Sources/FuseCP.Server/WebServices/FuseCP.Build/FuseCP.Build.WebServices/SharePointServerClient.g.cs	456
cs/local-shadows-member	FuseCP/Sources/FuseCP.Server/WebServices/FuseCP.Build/FuseCP.Build.WebServices/SharePointServerClient.g.cs	450
cs/local-shadows-member	FuseCP/Sources/FuseCP.Server/WebServices/FuseCP.Build/FuseCP.Build.WebServices/SharePointServerClient.g.cs	420
cs/local-shadows-member	FuseCP/Sources/FuseCP.Server/WebServices/FuseCP.Build/FuseCP.Build.WebServices/SharePointServerClient.g.cs	414
cs/local-shadows-member	FuseCP/Sources/FuseCP.Server/WebServices/FuseCP.Build/FuseCP.Build.WebServices/SharePointServerClient.g.cs	408
cs/local-shadows-member	FuseCP/Sources/FuseCP.Server/WebServices/FuseCP.Build/FuseCP.Build.WebServices/SharePointServerClient.g.cs	402
cs/local-shadows-member	FuseCP/Sources/FuseCP.Server/WebServices/FuseCP.Build/FuseCP.Build.WebServices/SharePointServerClient.g.cs	396
cs/local-shadows-member	FuseCP/Sources/FuseCP.Server/WebServices/FuseCP.Build/FuseCP.Build.WebServices/SharePointServerClient.g.cs	390
cs/local-shadows-member	FuseCP/Sources/FuseCP.Server/WebServices/FuseCP.Build/FuseCP.Build.WebServices/HostedSharePointServerEntClient.g.cs	372
cs/local-shadows-member	FuseCP/Sources/FuseCP.Server/WebServices/FuseCP.Build/FuseCP.Build.WebServices/HostedSharePointServerEntClient.g.cs	366
cs/local-shadows-member	FuseCP/Sources/FuseCP.Server/WebServices/FuseCP.Build/FuseCP.Build.WebServices/HostedSharePointServerEntClient.g.cs	324
cs/local-shadows-member	FuseCP/Sources/FuseCP.Server/WebServices/FuseCP.Build/FuseCP.Build.WebServices/HostedSharePointServerEntClient.g.cs	318
cs/local-shadows-member	FuseCP/Sources/FuseCP.Server/WebServices/FuseCP.Build/FuseCP.Build.WebServices/HostedSharePointServerEntClient.g.cs	288
cs/local-shadows-member	FuseCP/Sources/FuseCP.Server/WebServices/FuseCP.Build/FuseCP.Build.WebServices/HostedSharePointServerEntClient.g.cs	282
cs/local-shadows-member	FuseCP/Sources/FuseCP.Server/WebServices/FuseCP.Build/FuseCP.Build.WebServices/HostedSharePointServerEntClient.g.cs	264
cs/local-shadows-member	FuseCP/Sources/FuseCP.Server/WebServices/FuseCP.Build/FuseCP.Build.WebServices/HostedSharePointServerEntClient.g.cs	258
cs/local-shadows-member	FuseCP/Sources/FuseCP.Server/WebServices/FuseCP.Build/FuseCP.Build.WebServices/HostedSharePointServerClient.g.cs	372
cs/local-shadows-member	FuseCP/Sources/FuseCP.Server/WebServices/FuseCP.Build/FuseCP.Build.WebServices/HostedSharePointServerClient.g.cs	366
cs/local-shadows-member	FuseCP/Sources/FuseCP.Server/WebServices/FuseCP.Build/FuseCP.Build.WebServices/HostedSharePointServerClient.g.cs	324
cs/local-shadows-member	FuseCP/Sources/FuseCP.Server/WebServices/FuseCP.Build/FuseCP.Build.WebServices/HostedSharePointServerClient.g.cs	318
cs/local-shadows-member	FuseCP/Sources/FuseCP.Server/WebServices/FuseCP.Build/FuseCP.Build.WebServices/HostedSharePointServerClient.g.cs	288
cs/local-shadows-member	FuseCP/Sources/FuseCP.Server/WebServices/FuseCP.Build/FuseCP.Build.WebServices/HostedSharePointServerClient.g.cs	282
cs/local-shadows-member	FuseCP/Sources/FuseCP.Server/WebServices/FuseCP.Build/FuseCP.Build.WebServices/HostedSharePointServerClient.g.cs	264
cs/local-shadows-member	FuseCP/Sources/FuseCP.Server/WebServices/FuseCP.Build/FuseCP.Build.WebServices/HostedSharePointServerClient.g.cs	258
cs/call-to-unmanaged-code	FuseCP/Sources/FuseCP.Web.Services/NativeMethods.cs	30
cs/call-to-unmanaged-code	FuseCP/Sources/FuseCP.Server.Utils/PInvoke.cs	108
cs/call-to-unmanaged-code	FuseCP/Sources/FuseCP.Server.Utils/PInvoke.cs	103
cs/call-to-unmanaged-code	FuseCP/Sources/FuseCP.Server.Utils/PInvoke.cs	72
cs/call-to-unmanaged-code	FuseCP/Sources/FuseCP.Server.Utils/PInvoke.cs	67
cs/call-to-unmanaged-code	FuseCP/Sources/FuseCP.Server.Utils/PInvoke.cs	118
cs/call-to-unmanaged-code	FuseCP/Sources/FuseCP.Server.Utils/PInvoke.cs	82
cs/call-to-unmanaged-code	FuseCP/Sources/FuseCP.Server.Utils/PInvoke.cs	52
cs/call-to-unmanaged-code	FuseCP/Sources/FuseCP.Server.Utils/PInvoke.cs	50
cs/call-to-unmanaged-code	FuseCP/Sources/FuseCP.Server.Utils/FileUtils.cs	965
cs/call-to-unmanaged-code	FuseCP/Sources/FuseCP.Server.Utils/FileUtils.cs	936
cs/call-to-unmanaged-code	FuseCP/Sources/FuseCP.Server.Utils/FileUtils.cs	935
cs/call-to-unmanaged-code	FuseCP/Sources/FuseCP.Providers.OS.Unix/MacOSHelper.cs	71
cs/call-to-unmanaged-code	FuseCP/Sources/FuseCP.Providers.OS.Unix/MacOSHelper.cs	71
cs/call-to-unmanaged-code	FuseCP/Sources/FuseCP.Providers.Base/OS/WindowsOSInfo.cs	374
cs/call-to-unmanaged-code	FuseCP/Sources/FuseCP.Providers.Base/OS/WindowsOSInfo.cs	325
cs/call-to-unmanaged-code	FuseCP/Sources/FuseCP.Providers.Base/OS/ProcessExtensions.cs	59
cs/call-to-object-tostring	FuseCP/Sources/FuseCP.Web.Services/Startup.Core.cs	136
cs/call-to-object-tostring	FuseCP/Sources/FuseCP.Providers.Virtualization.HyperV-2012R2/MiManager.cs	264
cs/call-to-object-tostring	FuseCP/Sources/FuseCP.Providers.HostedSolution/Exchange2007.cs	1203
cs/linq/inconsistent-enumeration	FuseCP/Sources/FuseCP.Providers.Web.Apache/Apache24.cs	279
cs/linq/inconsistent-enumeration	FuseCP/Sources/FuseCP.Build/ServiceInterface.cshtml	94
cs/inconsistent-compareto-and-equals	FuseCP/Sources/FuseCP.Providers.Base/Web/HtaccessFolder.cs	26
cs/equality-on-floats	FuseCP/Sources/FuseCP.Providers.Base/HostedSolution/BaseReport.cs	114
cs/unused-property-value	FuseCP/Sources/FuseCP.Providers.Base/OS/TunnelSockets/TunnelSocket.cs	109
cs/type-test-of-this	FuseCP/Sources/FuseCP.Providers.Web.Apache/ConfigSection.cs	318
cs/downcast-of-this	FuseCP/Sources/FuseCP.Providers.Web.Apache/ConfigSection.cs	317
cs/useless-assignment-to-local	FuseCP/Sources/FuseCP.Server.Utils/BsdDES.cs	662
cs/useless-assignment-to-local	FuseCP/Sources/FuseCP.Providers.FTP.VsFtp/CryptSharp/Utility/Salsa20Core.cs	121
cs/useless-assignment-to-local	FuseCP/Sources/FuseCP.Providers.FTP.VsFtp/CryptSharp/Utility/Salsa20Core.cs	120
cs/useless-assignment-to-local	FuseCP/Sources/FuseCP.Providers.FTP.VsFtp/CryptSharp/Utility/Salsa20Core.cs	119
cs/useless-assignment-to-local	FuseCP/Sources/FuseCP.Providers.FTP.VsFtp/CryptSharp/Utility/Salsa20Core.cs	118
cs/useless-assignment-to-local	FuseCP/Sources/FuseCP.Providers.FTP.VsFtp/CryptSharp/Utility/Salsa20Core.cs	117
cs/useless-assignment-to-local	FuseCP/Sources/FuseCP.Providers.FTP.VsFtp/CryptSharp/Utility/Salsa20Core.cs	116
cs/useless-assignment-to-local	FuseCP/Sources/FuseCP.Providers.FTP.VsFtp/CryptSharp/Utility/Salsa20Core.cs	115
cs/useless-assignment-to-local	FuseCP/Sources/FuseCP.Providers.FTP.VsFtp/CryptSharp/Utility/Salsa20Core.cs	114
cs/useless-assignment-to-local	FuseCP/Sources/FuseCP.Providers.FTP.VsFtp/CryptSharp/Utility/Salsa20Core.cs	113
cs/useless-assignment-to-local	FuseCP/Sources/FuseCP.Providers.FTP.VsFtp/CryptSharp/Utility/Salsa20Core.cs	112
cs/useless-assignment-to-local	FuseCP/Sources/FuseCP.Providers.FTP.VsFtp/CryptSharp/Utility/Salsa20Core.cs	111
cs/useless-assignment-to-local	FuseCP/Sources/FuseCP.Providers.FTP.VsFtp/CryptSharp/Utility/Salsa20Core.cs	110
cs/useless-assignment-to-local	FuseCP/Sources/FuseCP.Providers.FTP.VsFtp/CryptSharp/Utility/Salsa20Core.cs	109
cs/useless-assignment-to-local	FuseCP/Sources/FuseCP.Providers.FTP.VsFtp/CryptSharp/Utility/Salsa20Core.cs	108
cs/useless-assignment-to-local	FuseCP/Sources/FuseCP.Providers.FTP.VsFtp/CryptSharp/Utility/Salsa20Core.cs	107
cs/useless-assignment-to-local	FuseCP/Sources/FuseCP.Providers.FTP.VsFtp/CryptSharp/Utility/Salsa20Core.cs	106
cs/useless-assignment-to-local	FuseCP/Sources/FuseCP.Providers.FTP.VsFtp/CryptSharp/Utility/DesCipher.cs	187
cs/useless-assignment-to-local	FuseCP/Sources/FuseCP.Providers.FTP.VsFtp/CryptSharp/Utility/DesCipher.cs	164
cs/useless-assignment-to-local	FuseCP/Sources/FuseCP.Providers.FTP.VsFtp/CryptSharp/Utility/DesCipher.cs	153
cs/useless-assignment-to-local	FuseCP/Sources/FuseCP.Build/ServiceClass.cshtml	40
cs/useless-assignment-to-local	FuseCP/Sources/FuseCP.Build/ServiceClass.cshtml	39
cs/dereferenced-value-may-be-null	FuseCP/Sources/FuseCP.Web.Clients/ClientBase.cs	617
cs/dereferenced-value-may-be-null	FuseCP/Sources/FuseCP.Providers.Web.IIS70/WebObjects/WebObjectsModuleService.cs	557
cs/dereferenced-value-may-be-null	FuseCP/Sources/FuseCP.Providers.Web.IIS70/SSL/SSLModuleService.cs	208
cs/dereferenced-value-may-be-null	FuseCP/Sources/FuseCP.Providers.Web.IIS70/SSL/SSLModuleService.cs	130
cs/dereferenced-value-may-be-null	FuseCP/Sources/FuseCP.Providers.Web.IIS70/SSL/SSLModuleService.cs	111
cs/dereferenced-value-may-be-null	FuseCP/Sources/FuseCP.Providers.Web.IIS70/SSL/SSLModuleService.cs	102
cs/dereferenced-value-may-be-null	FuseCP/Sources/FuseCP.Providers.Web.IIS70/SSL/SSLModuleService.cs	97
cs/dereferenced-value-may-be-null	FuseCP/Sources/FuseCP.Providers.Web.IIS70/SSL/SSLModuleService.cs	96
cs/dereferenced-value-may-be-null	FuseCP/Sources/FuseCP.Providers.Web.IIS70/SSL/SSLModuleService.cs	95
cs/dereferenced-value-may-be-null	FuseCP/Sources/FuseCP.Providers.Web.IIS70/SSL/SSLModuleService.cs	84
cs/dereferenced-value-may-be-null	FuseCP/Sources/FuseCP.Providers.Web.IIS70/SSL/SSLModuleService.cs	80
cs/dereferenced-value-may-be-null	FuseCP/Sources/FuseCP.Providers.Web.IIS70/SSL/SSLModuleService.cs	60
cs/dereferenced-value-may-be-null	FuseCP/Sources/FuseCP.Providers.Web.IIS70/SSL/SSLModuleService.cs	57
cs/dereferenced-value-may-be-null	FuseCP/Sources/FuseCP.Providers.Web.IIS70/SSL/SSLModuleService.cs	55
cs/dereferenced-value-may-be-null	FuseCP/Sources/FuseCP.Providers.Virtualization.Proxmox/Proxmoxvps.cs	880
cs/dereferenced-value-may-be-null	FuseCP/Sources/FuseCP.Providers.Virtualization.Proxmox/Helpers/ProxmoxDvdDriveHelper.cs	40
cs/dereferenced-value-may-be-null	FuseCP/Sources/FuseCP.Providers.Virtualization.HyperV-2012R2/Helpers/VirtualMachineHelper.cs	73
cs/dereferenced-value-may-be-null	FuseCP/Sources/FuseCP.Providers.Virtualization.HyperV-2012R2/Helpers/VdsHelper.cs	63
cs/dereferenced-value-may-be-null	FuseCP/Sources/FuseCP.Providers.TerminalServices.Windows2012/Windows2012.cs	1738
cs/dereferenced-value-may-be-null	FuseCP/Sources/FuseCP.Providers.Virtualization.HyperV-2012R2/Extensions/PSObjectExtension.cs	35
cs/dereferenced-value-may-be-null	FuseCP/Sources/FuseCP.Providers.OS.Windows2016/Windows2016.cs	1370
cs/dereferenced-value-may-be-null	FuseCP/Sources/FuseCP.Providers.OS.Unix/SyslogTraceListener.cs	38
cs/dereferenced-value-may-be-null	FuseCP/Sources/FuseCP.Providers.OS.Unix/SyslogTraceListener.cs	61
cs/dereferenced-value-may-be-null	FuseCP/Sources/FuseCP.Providers.Mail.IceWarp/IceWarp.cs	1102
cs/dereferenced-value-may-be-null	FuseCP/Sources/FuseCP.Providers.HostedSolution.SharePoint2019/HostedSharePointServer2019Impl.cs	666
cs/dereferenced-value-may-be-null	FuseCP/Sources/FuseCP.Providers.HostedSolution.SharePoint2016Ent/HostedSharePointServer2016EntImpl.cs	666
cs/dereferenced-value-may-be-null	FuseCP/Sources/FuseCP.Providers.HostedSolution.SharePoint2019/HostedSharePointServer2019.cs	277
cs/dereferenced-value-may-be-null	FuseCP/Sources/FuseCP.Providers.HostedSolution.SharePoint2016Ent/HostedSharePointServer2016Ent.cs	277
cs/dereferenced-value-may-be-null	FuseCP/Sources/FuseCP.Providers.HostedSolution.SharePoint2016/HostedSharePointServer2016Impl.cs	666
cs/dereferenced-value-may-be-null	FuseCP/Sources/FuseCP.Providers.HostedSolution.SharePoint2013Ent/HostedSharePointServer2013EntImpl.cs	666
cs/dereferenced-value-may-be-null	FuseCP/Sources/FuseCP.Providers.HostedSolution.SharePoint2016/HostedSharePointServer2016.cs	277
cs/dereferenced-value-may-be-null	FuseCP/Sources/FuseCP.Providers.HostedSolution.SharePoint2013Ent/HostedSharePointServer2013Ent.cs	277
cs/dereferenced-value-may-be-null	FuseCP/Sources/FuseCP.Providers.HostedSolution.SharePoint2013/HostedSharePointServer2013Impl.cs	666
cs/dereferenced-value-may-be-null	FuseCP/Sources/FuseCP.Providers.HostedSolution.SharePoint2013/HostedSharePointServer2013.cs	277
cs/dereferenced-value-may-be-null	FuseCP/Sources/FuseCP.Providers.HostedSolution/BlackBerryProvider.cs	190
cs/dereferenced-value-may-be-null	FuseCP/Sources/FuseCP.Providers.FTP.IIs100/SitesModuleService.cs	271
cs/dereferenced-value-may-be-null	FuseCP/Sources/FuseCP.Providers.FTP.Gene6/Gene6FTP.cs	621
cs/dereferenced-value-may-be-null	FuseCP/Sources/FuseCP.Providers.FTP.Gene6/Gene6FTP.cs	522
cs/dereferenced-value-may-be-null	FuseCP/Sources/FuseCP.Providers.DNS.SimpleDNS90/Models/Response/ZoneRecordsResponse.cs	110
cs/dereferenced-value-may-be-null	FuseCP/Sources/FuseCP.Providers.DNS.SimpleDNS90/Models/Response/ZoneRecordsResponse.cs	102
cs/dereferenced-value-may-be-null	FuseCP/Sources/FuseCP.Providers.DNS.SimpleDNS90/Models/Response/ZoneRecordsResponse.cs	92
cs/dereferenced-value-may-be-null	FuseCP/Sources/FuseCP.Providers.DNS.SimpleDNS90/Models/Response/ZoneRecordsResponse.cs	84
cs/dereferenced-value-may-be-null	FuseCP/Sources/FuseCP.Providers.DNS.SimpleDNS80/Models/Response/ZoneRecordsResponse.cs	97
cs/dereferenced-value-may-be-null	FuseCP/Sources/FuseCP.Providers.DNS.SimpleDNS80/Models/Response/ZoneRecordsResponse.cs	88
cs/dereferenced-value-may-be-null	FuseCP/Sources/FuseCP.Providers.DNS.SimpleDNS80/Models/Response/ZoneRecordsResponse.cs	80
cs/dereferenced-value-may-be-null	FuseCP/Sources/FuseCP.Providers.DNS.SimpleDNS/SimpleDNS.cs	620
cs/dereferenced-value-may-be-null	FuseCP/Sources/FuseCP.Providers.DNS.MsDNS2016/RecordConverter.cs	31
cs/dereferenced-value-may-be-null	FuseCP/Sources/FuseCP.Providers.DNS.MsDNS2012/RecordConverter.cs	31
cs/dereferenced-value-may-be-null	FuseCP/Sources/FuseCP.Providers.DNS.Bind/IscBind.cs	1077
cs/dereferenced-value-may-be-null	FuseCP/Sources/FuseCP.Providers.DNS.Bind/IscBind.cs	733
cs/dereferenced-value-may-be-null	FuseCP/Sources/FuseCP.Providers.Base/OS/TunnelSockets/SshTunnel.cs	113
cs/dereferenced-value-may-be-null	FuseCP/Sources/FuseCP.Providers.Base/OS/Shell.cs	367
cs/dereferenced-value-may-be-null	FuseCP/Sources/FuseCP.Build/WebServices.cs	267
cs/dereferenced-value-may-be-null	FuseCP/Sources/FuseCP.Build/ServiceInterface.cshtml	63
cs/lock-this	FuseCP/Sources/FuseCP.Providers.Virtualization.Proxmox/Proxmoxvps.cs	283
cs/lock-this	FuseCP/Sources/FuseCP.Providers.Virtualization.Proxmox/Proxmoxvps.cs	269
cs/lock-this	FuseCP/Sources/FuseCP.Providers.Base/OS/SkiaSharp.cs	69
cs/virtual-call-in-constructor	FuseCP/Sources/FuseCP.Server.Utils/CRC32.cs	122
cs/virtual-call-in-constructor	FuseCP/Sources/FuseCP.Providers.Web.IIS70/IIs70.cs	515
cs/virtual-call-in-constructor	FuseCP/Sources/FuseCP.Providers.Web.IIs60/IIs60.cs	298
cs/virtual-call-in-constructor	FuseCP/Sources/FuseCP.Providers.Virtualization.HyperV-2012R2/MiManager.cs	317
cs/virtual-call-in-constructor	FuseCP/Sources/FuseCP.Providers.FTP.IIs100/MsFTP100.cs	64
cs/virtual-call-in-constructor	FuseCP/Sources/FuseCP.Providers.DNS.MsDNS/MsDNS.cs	75
cs/virtual-call-in-constructor	FuseCP/Sources/FuseCP.Providers.Base/OS/WSLShell.cs	416
cs/virtual-call-in-constructor	FuseCP/Sources/FuseCP.Providers.Base/OS/TunnelSockets/TunnelUri.cs	53
cs/virtual-call-in-constructor	FuseCP/Sources/FuseCP.Providers.Base/OS/TunnelSockets/SshUri.cs	70
cs/virtual-call-in-constructor	FuseCP/Sources/FuseCP.Providers.Base/OS/TunnelSockets/QueryStringDictionary.cs	32
cs/virtual-call-in-constructor	FuseCP/Sources/FuseCP.Providers.Base/OS/SystemFile.cs	48
cs/virtual-call-in-constructor	FuseCP/Sources/FuseCP.Providers.Base/OS/Shell.cs	51
cs/virtual-call-in-constructor	FuseCP/Sources/FuseCP.Providers.Base/OS/Shell.cs	50
cs/virtual-call-in-constructor	FuseCP/Sources/FuseCP.Providers.Base/OS/Shell.cs	49
cs/virtual-call-in-constructor	FuseCP/Sources/FuseCP.Providers.Base/OS/Shell.cs	48
cs/virtual-call-in-constructor	FuseCP/Sources/FuseCP.Providers.Base/OS/Shell.cs	47
cs/cast-from-abstract-to-concrete-collection	FuseCP/Sources/FuseCP.Providers.FTP.VsFtp/CryptSharp/CrypterEnvironment.cs	163
cs/constant-condition	FuseCP/Sources/FuseCP.Web.Services/UserNamePasswordValidator.cs	42
cs/constant-condition	FuseCP/Sources/FuseCP.Web.Services/UserNamePasswordValidator.cs	38
cs/constant-condition	FuseCP/Sources/FuseCP.Web.Clients/ClientBase.cs	271
cs/constant-condition	FuseCP/Sources/FuseCP.Web.Clients/ClientBase.cs	573
cs/constant-condition	FuseCP/Sources/FuseCP.Providers.Virtualization.HyperV-2012R2/Helpers/VdsHelper.cs	209
cs/constant-condition	FuseCP/Sources/FuseCP.Providers.Virtualization.HyperV-2012R2/Helpers/VdsHelper.cs	130
cs/constant-condition	FuseCP/Sources/FuseCP.Providers.Virtualization.HyperV-2012R2/Helpers/VdsHelper.cs	108
cs/constant-condition	FuseCP/Sources/FuseCP.Providers.Base/OS/TunnelSockets/TunnelSocket.cs	198
cs/constant-condition	FuseCP/Sources/FuseCP.Providers.Base/OS/TunnelSockets/TunnelSocket.cs	194
cs/constant-condition	FuseCP/Sources/FuseCP.Providers.Base/OS/Shell.cs	78
cs/catch-nullreferenceexception	FuseCP/Sources/FuseCP.Providers.Web.IIS70/IIs70.cs	2499
cs/catch-nullreferenceexception	FuseCP/Sources/FuseCP.Providers.Web.IIS70/IIs70.cs	2487
cs/local-not-disposed	FuseCP/Sources/FuseCP.Providers.Virtualization.Proxmox/Proxmoxvps.cs	546
cs/local-not-disposed	FuseCP/Sources/FuseCP.Providers.Virtualization.Proxmox/Proxmoxvps.cs	546
cs/local-not-disposed	FuseCP/Sources/FuseCP.Providers.Virtualization.Proxmox/Proxmoxvps.cs	535
cs/local-not-disposed	FuseCP/Sources/FuseCP.Providers.Base/HostedSolution/ActiveDirectoryUtils.cs	620
cs/local-not-disposed	FuseCP/Sources/FuseCP.Providers.Base/Common/ByteOperations.cs	85
cs/dispose-not-called-on-throw	FuseCP/Sources/FuseCP.Server.Utils/FileUtils.cs	1081
cs/dispose-not-called-on-throw	FuseCP/Sources/FuseCP.Server.Utils/FileUtils.cs	1043
cs/dispose-not-called-on-throw	FuseCP/Sources/FuseCP.Providers.Virtualization.Proxmox/Proxmoxvps.cs	608
cs/dispose-not-called-on-throw	FuseCP/Sources/FuseCP.Providers.Virtualization.HyperV-vmm/HyperVvmm.cs	322
cs/dispose-not-called-on-throw	FuseCP/Sources/FuseCP.Providers.Virtualization.HyperV-vmm/HyperVvmm.cs	321
cs/dispose-not-called-on-throw	FuseCP/Sources/FuseCP.Providers.Virtualization.HyperV-2012R2/HyperV2012R2.cs	517
cs/dispose-not-called-on-throw	FuseCP/Sources/FuseCP.Providers.Virtualization.HyperV-2012R2/HyperV2012R2.cs	516
cs/dispose-not-called-on-throw	FuseCP/Sources/FuseCP.Providers.Virtualization.HyperV/HyperV.cs	306
cs/dispose-not-called-on-throw	FuseCP/Sources/FuseCP.Providers.Virtualization.HyperV/HyperV.cs	305
cs/dispose-not-called-on-throw	FuseCP/Sources/FuseCP.Providers.Mail.AbilityMailServer/AMSHelper.cs	285
cs/call-to-obsolete-method	FuseCP/Sources/FuseCP.Providers.Base/Common/Cryptor.cs	119
cs/call-to-obsolete-method	FuseCP/Sources/FuseCP.Providers.Base/Common/Cryptor.cs	118
cs/web/directory-browse-enabled	FuseCP.WebSite/Sources/FuseCP.WebSite/web.config	11
cs/web/insecure-direct-object-reference	FuseCP/Sources/FuseCP.Providers.OS.Windows2016/WindowsServiceController.cs	30
cs/web/missing-function-level-access-control	FuseCP/Sources/FuseCP.Providers.OS.Windows2016/WindowsServiceController.cs	30
cs/web/requiressl-not-set	FuseCP/Sources/FuseCP.WebPortal/Web6.config	64
cs/web/requiressl-not-set	FuseCP/Sources/FuseCP.WebDavPortal/Web.config	124
cs/web/missing-x-frame-options	tools/MSBuildCommunityTasks/Source/Source/MSBuild.Community.Tasks/swagger-codegen-2.1.6/modules/swagger-codegen/src/main/resources/aspnet5/wwwroot/web.config	1
cs/cleartext-storage-of-sensitive-information	FuseCP/Sources/FuseCP.Providers.Web.IIs60/IIs60.cs	3611
cs/cleartext-storage-of-sensitive-information	FuseCP/Sources/FuseCP.Providers.Base/Web/HtaccessFolder.cs	629
cs/web/debug-binary	tools/MSBuildCommunityTasks/Source/Source/MSBuild.Community.Tasks.Tests/Xml/Test_XmlQuery.xml	19
cs/web/debug-binary	FuseCP/Sources/Tools/FuseCP.AWStats.Viewer/Web.config	28
cs/web/debug-binary	FuseCP/Sources/Tools/FuseCP.AWStats.Viewer/Web-v2.0.config	25
cs/web/debug-binary	FuseCP/Sources/FuseCP.Server/bin_dotnet/Web.Net6.config	74
cs/web/debug-binary	FuseCP/Sources/FuseCP.Server/Web.Net6.config	74
cs/web/debug-binary	FuseCP/Sources/FuseCP.EnterpriseServer.Tests/app.config	88
cs/web/debug-binary	FuseCP/Sources/FuseCP.EnterpriseServer/Web.config	93
js/trivial-conditional	FuseCP/Sources/FuseCP.WebPortal/App_Themes/Default/js/jquery-ui/jquery-ui-1.10.4.custom.js	7990
js/trivial-conditional	FuseCP/Sources/FuseCP.WebPortal/App_Themes/Default/js/jquery-ui/jquery-ui-1.10.4.custom.js	3633
js/trivial-conditional	FuseCP/Sources/FuseCP.WebPortal/JavaScript/bootstrap/bootstrap.js	3188
js/trivial-conditional	FuseCP/Sources/FuseCP.WebPortal/JavaScript/codemirror/htaccess.js	138
js/trivial-conditional	FuseCP/Sources/FuseCP.WebPortal/JavaScript/bootstrap/bootstrap.js	2425
js/trivial-conditional	FuseCP/Sources/FuseCP.WebPortal/App_Themes/Default/js/jquery/jquery-2.1.0.js	6584
js/trivial-conditional	FuseCP/Sources/FuseCP.WebPortal/App_Themes/Default/js/jquery/jquery-2.1.0.js	1707
js/trivial-conditional	FuseCP/Sources/FuseCP.WebPortal/App_Themes/Default/js/jquery/jquery-2.1.0.js	1690
js/trivial-conditional	FuseCP/Sources/FuseCP.WebPortal/App_Themes/Default/js/jquery/jquery-2.1.0.js	1610
js/trivial-conditional	FuseCP/Sources/FuseCP.WebPortal/App_Themes/Default/js/bootstrap/bootstrap.js	3188
js/trivial-conditional	FuseCP/Sources/FuseCP.WebPortal/App_Themes/Default/js/bootstrap/bootstrap.js	2425
js/trivial-conditional	FuseCP/Sources/FuseCP.WebDavPortal/Scripts/jquery.validate.unobtrusive.js	251
js/trivial-conditional	FuseCP/Sources/FuseCP.WebDavPortal/Scripts/jquery-3.7.1.js	7589
js/trivial-conditional	FuseCP/Sources/FuseCP.WebDavPortal/Scripts/jquery-3.7.1.js	1784
js/trivial-conditional	FuseCP/Sources/FuseCP.WebDavPortal/Scripts/jquery-3.7.1.js	1759
js/trivial-conditional	FuseCP/Sources/FuseCP.WebDavPortal/Scripts/jquery-3.7.1.js	1651
js/trivial-conditional	FuseCP/Sources/FuseCP.WebDavPortal/Scripts/jquery-3.7.1.slim.js	1784
js/trivial-conditional	FuseCP/Sources/FuseCP.WebDavPortal/Scripts/jquery-3.7.1.slim.js	1759
js/trivial-conditional	FuseCP/Sources/FuseCP.WebDavPortal/Scripts/jquery-3.7.1.slim.js	1651
js/trivial-conditional	FuseCP/Sources/FuseCP.WebDavPortal/Scripts/DataTables/jquery.dataTables.js	6818
js/trivial-conditional	FuseCP/Sources/FuseCP.WebDavPortal/Scripts/DataTables/buttons.flash.js	445
js/trivial-conditional	FuseCP/Sources/FuseCP.WebDavPortal/Scripts/DataTables/buttons.html5.js	103
js/useless-assignment-in-return	FuseCP/Sources/FuseCP.WebPortal/App_Themes/Default/js/fcp-common.js	868
js/loop-iteration-skipped-due-to-shifting	FuseCP/Sources/FuseCP.WebPortal/App_Themes/Default/js/jquery-ui/jquery-ui-1.10.4.custom.js	2484
js/regex/unmatchable-dollar	FuseCP/Sources/FuseCP.WebPortal/JavaScript/codemirror/codemirror.js	5049
js/regex/duplicate-in-character-class	FuseCP/Sources/FuseCP.WebDavPortal/Scripts/appScripts/validation/passwordeditor.unobtrusive.js	48
js/regex/duplicate-in-character-class	FuseCP/Sources/FuseCP.WebDavPortal/Scripts/DataTables/buttons.flash.js	518
js/regex/duplicate-in-character-class	FuseCP/Sources/FuseCP.WebDavPortal/Scripts/DataTables/buttons.html5.js	253
js/superfluous-trailing-arguments	FuseCP/Sources/FuseCP.WebPortal/App_Themes/Default/js/fcp-common.js	870
js/superfluous-trailing-arguments	FuseCP/Sources/FuseCP.WebPortal/App_Themes/Default/js/fcp-common.js	868
js/superfluous-trailing-arguments	FuseCP/Sources/FuseCP.WebPortal/App_Themes/Default/addons/fuelux/js/fuelux.js	7250
js/superfluous-trailing-arguments	FuseCP/Sources/FuseCP.WebDavPortal/Scripts/DataTables/jquery.dataTables.js	4775
js/superfluous-trailing-arguments	FuseCP/Sources/FuseCP.WebDavPortal/Scripts/jQuery.FileUpload/jquery.fileupload.js	22
js/superfluous-trailing-arguments	FuseCP/Sources/FuseCP.WebDavPortal/Scripts/jQuery.FileUpload/jquery.fileupload-video.js	24
js/superfluous-trailing-arguments	FuseCP/Sources/FuseCP.WebDavPortal/Scripts/jQuery.FileUpload/jquery.fileupload-validate.js	21
js/superfluous-trailing-arguments	FuseCP/Sources/FuseCP.WebDavPortal/Scripts/jQuery.FileUpload/jquery.fileupload-ui.js	31
js/superfluous-trailing-arguments	FuseCP/Sources/FuseCP.WebDavPortal/Scripts/jQuery.FileUpload/jquery.fileupload-process.js	21
js/superfluous-trailing-arguments	FuseCP/Sources/FuseCP.WebDavPortal/Scripts/jQuery.FileUpload/jquery.fileupload-image.js	32
js/superfluous-trailing-arguments	FuseCP/Sources/FuseCP.WebDavPortal/Scripts/jQuery.FileUpload/jquery.fileupload-audio.js	24
js/superfluous-trailing-arguments	FuseCP/Sources/FuseCP.WebDavPortal/Scripts/DataTables/buttons.html5.js	1319
js/superfluous-trailing-arguments	FuseCP/Sources/FuseCP.WebDavPortal/Scripts/DataTables/buttons.flash.js	1353
js/superfluous-trailing-arguments	FuseCP/Sources/FuseCP.WebDavPortal/Scripts/DataTables/buttons.flash.js	1349
js/superfluous-trailing-arguments	FuseCP/Sources/FuseCP.WebDavPortal/Scripts/DataTables/buttons.flash.js	1344
js/superfluous-trailing-arguments	FuseCP/Sources/FuseCP.WebDavPortal/Scripts/DataTables/buttons.html5.js	1157
js/superfluous-trailing-arguments	FuseCP/Sources/FuseCP.WebDavPortal/Scripts/DataTables/buttons.html5.js	1153
js/superfluous-trailing-arguments	FuseCP/Sources/FuseCP.WebDavPortal/Scripts/DataTables/buttons.html5.js	1148
js/automatic-semicolon-insertion	tools/MSBuildCommunityTasks/Source/Source/MSBuild.Community.Tasks/swagger-codegen-2.1.6/samples/client/petstore/javascript-promise/src/model/User.js	78
js/automatic-semicolon-insertion	tools/MSBuildCommunityTasks/Source/Source/MSBuild.Community.Tasks/swagger-codegen-2.1.6/samples/client/petstore/javascript-promise/src/model/Pet.js	72
js/automatic-semicolon-insertion	tools/MSBuildCommunityTasks/Source/Source/MSBuild.Community.Tasks/swagger-codegen-2.1.6/samples/client/petstore/javascript-promise/src/model/Order.js	70
js/automatic-semicolon-insertion	tools/MSBuildCommunityTasks/Source/Source/MSBuild.Community.Tasks/swagger-codegen-2.1.6/samples/client/petstore/javascript-promise/src/model/InlineResponse200.js	71
js/automatic-semicolon-insertion	tools/MSBuildCommunityTasks/Source/Source/MSBuild.Community.Tasks/swagger-codegen-2.1.6/samples/client/petstore/javascript-closure-angular/API/Client/User.js	6
js/automatic-semicolon-insertion	tools/MSBuildCommunityTasks/Source/Source/MSBuild.Community.Tasks/swagger-codegen-2.1.6/samples/client/petstore/javascript/src/model/User.js	78
js/automatic-semicolon-insertion	tools/MSBuildCommunityTasks/Source/Source/MSBuild.Community.Tasks/swagger-codegen-2.1.6/samples/client/petstore/javascript/src/model/Pet.js	72
js/automatic-semicolon-insertion	tools/MSBuildCommunityTasks/Source/Source/MSBuild.Community.Tasks/swagger-codegen-2.1.6/samples/client/petstore/javascript/src/model/Order.js	70
js/automatic-semicolon-insertion	tools/MSBuildCommunityTasks/Source/Source/MSBuild.Community.Tasks/swagger-codegen-2.1.6/samples/client/petstore/javascript/src/model/InlineResponse200.js	71
js/unneeded-defensive-code	tools/MSBuildCommunityTasks/Source/Source/MSBuild.Community.Tasks/swagger-codegen-2.1.6/samples/client/petstore/javascript-promise/src/api/UserApi.js	289
js/unneeded-defensive-code	tools/MSBuildCommunityTasks/Source/Source/MSBuild.Community.Tasks/swagger-codegen-2.1.6/samples/client/petstore/javascript-promise/src/api/UserApi.js	182
js/unneeded-defensive-code	tools/MSBuildCommunityTasks/Source/Source/MSBuild.Community.Tasks/swagger-codegen-2.1.6/samples/client/petstore/javascript-promise/src/api/UserApi.js	144
js/unneeded-defensive-code	tools/MSBuildCommunityTasks/Source/Source/MSBuild.Community.Tasks/swagger-codegen-2.1.6/samples/client/petstore/javascript-promise/src/api/StoreApi.js	180
js/unneeded-defensive-code	tools/MSBuildCommunityTasks/Source/Source/MSBuild.Community.Tasks/swagger-codegen-2.1.6/samples/client/petstore/javascript-promise/src/api/StoreApi.js	45
js/unneeded-defensive-code	tools/MSBuildCommunityTasks/Source/Source/MSBuild.Community.Tasks/swagger-codegen-2.1.6/samples/client/petstore/javascript-promise/src/api/PetApi.js	416
js/unneeded-defensive-code	tools/MSBuildCommunityTasks/Source/Source/MSBuild.Community.Tasks/swagger-codegen-2.1.6/samples/client/petstore/javascript-promise/src/api/PetApi.js	373
js/unneeded-defensive-code	tools/MSBuildCommunityTasks/Source/Source/MSBuild.Community.Tasks/swagger-codegen-2.1.6/samples/client/petstore/javascript-promise/src/api/PetApi.js	299
js/unneeded-defensive-code	tools/MSBuildCommunityTasks/Source/Source/MSBuild.Community.Tasks/swagger-codegen-2.1.6/samples/client/petstore/javascript-promise/src/api/PetApi.js	261
js/unneeded-defensive-code	tools/MSBuildCommunityTasks/Source/Source/MSBuild.Community.Tasks/swagger-codegen-2.1.6/samples/client/petstore/javascript-promise/src/api/PetApi.js	223
js/unneeded-defensive-code	tools/MSBuildCommunityTasks/Source/Source/MSBuild.Community.Tasks/swagger-codegen-2.1.6/samples/client/petstore/javascript-promise/src/api/PetApi.js	114
js/unneeded-defensive-code	tools/MSBuildCommunityTasks/Source/Source/MSBuild.Community.Tasks/swagger-codegen-2.1.6/samples/client/petstore/javascript-promise/src/ApiClient.js	73
js/unneeded-defensive-code	tools/MSBuildCommunityTasks/Source/Source/MSBuild.Community.Tasks/swagger-codegen-2.1.6/samples/client/petstore/javascript/src/api/UserApi.js	353
js/unneeded-defensive-code	tools/MSBuildCommunityTasks/Source/Source/MSBuild.Community.Tasks/swagger-codegen-2.1.6/samples/client/petstore/javascript/src/api/UserApi.js	222
js/unneeded-defensive-code	tools/MSBuildCommunityTasks/Source/Source/MSBuild.Community.Tasks/swagger-codegen-2.1.6/samples/client/petstore/javascript/src/api/UserApi.js	176
js/unneeded-defensive-code	tools/MSBuildCommunityTasks/Source/Source/MSBuild.Community.Tasks/swagger-codegen-2.1.6/samples/client/petstore/javascript/src/api/StoreApi.js	220
js/unneeded-defensive-code	tools/MSBuildCommunityTasks/Source/Source/MSBuild.Community.Tasks/swagger-codegen-2.1.6/samples/client/petstore/javascript/src/api/StoreApi.js	53
js/unneeded-defensive-code	tools/MSBuildCommunityTasks/Source/Source/MSBuild.Community.Tasks/swagger-codegen-2.1.6/samples/client/petstore/javascript/src/api/PetApi.js	504
js/unneeded-defensive-code	tools/MSBuildCommunityTasks/Source/Source/MSBuild.Community.Tasks/swagger-codegen-2.1.6/samples/client/petstore/javascript/src/api/PetApi.js	453
js/unneeded-defensive-code	tools/MSBuildCommunityTasks/Source/Source/MSBuild.Community.Tasks/swagger-codegen-2.1.6/samples/client/petstore/javascript/src/api/PetApi.js	363
js/unneeded-defensive-code	tools/MSBuildCommunityTasks/Source/Source/MSBuild.Community.Tasks/swagger-codegen-2.1.6/samples/client/petstore/javascript/src/api/PetApi.js	317
js/unneeded-defensive-code	tools/MSBuildCommunityTasks/Source/Source/MSBuild.Community.Tasks/swagger-codegen-2.1.6/samples/client/petstore/javascript/src/api/PetApi.js	271
js/unneeded-defensive-code	tools/MSBuildCommunityTasks/Source/Source/MSBuild.Community.Tasks/swagger-codegen-2.1.6/samples/client/petstore/javascript/src/api/PetApi.js	138
js/unneeded-defensive-code	tools/MSBuildCommunityTasks/Source/Source/MSBuild.Community.Tasks/swagger-codegen-2.1.6/samples/client/petstore/javascript/src/ApiClient.js	73
js/unneeded-defensive-code	FuseCP/Sources/FuseCP.WebPortal/JavaScript/jquery.window.js	116
js/unneeded-defensive-code	FuseCP/Sources/FuseCP.WebPortal/JavaScript/bootstrap/bootstrap.js	3171
js/unneeded-defensive-code	FuseCP/Sources/FuseCP.WebPortal/JavaScript/bootstrap/bootstrap.js	2697
js/unneeded-defensive-code	FuseCP/Sources/FuseCP.WebPortal/App_Themes/Default/js/bootstrap/bootstrap.js	3171
js/unneeded-defensive-code	FuseCP/Sources/FuseCP.WebPortal/App_Themes/Default/js/bootstrap/bootstrap.js	2697
js/property-access-on-non-object	FuseCP/Sources/FuseCP.WebDavPortal/Scripts/jquery-3.7.1.slim.js	4481
js/redundant-assignment	FuseCP/Sources/FuseCP.WebPortal/JavaScript/bootstrap/bootstrap.js	2227
js/redundant-assignment	FuseCP/Sources/FuseCP.WebPortal/App_Themes/Default/js/bootstrap/bootstrap.js	2227
js/comparison-between-incompatible-types	FuseCP/Sources/FuseCP.WebPortal/App_Themes/Default/js/jquery/jquery-2.1.0.js	6653
js/useless-expression	tools/MSBuildCommunityTasks/Source/Source/MSBuild.Community.Tasks/swagger-codegen-2.1.6/samples/client/petstore/javascript-closure-angular/lib/goog/base.js	390
js/useless-expression	FuseCP/Sources/FuseCP.WebPortal/App_Themes/Default/js/fcp-common.js	867
js/useless-expression	FuseCP/Sources/FuseCP.WebPortal/App_Themes/Default/js/fcp-common.js	867
js/useless-expression	FuseCP/Sources/FuseCP.WebPortal/App_Themes/Default/js/fcp-common.js	867
js/eval-like-call	tools/MSBuildCommunityTasks/Source/Source/MSBuild.Community.Tasks/swagger-codegen-2.1.6/samples/client/petstore/javascript-closure-angular/lib/goog/base.js	1170
js/eval-like-call	tools/MSBuildCommunityTasks/Source/Source/MSBuild.Community.Tasks/swagger-codegen-2.1.6/samples/client/petstore/javascript-closure-angular/lib/goog/base.js	574
js/eval-like-call	tools/MSBuildCommunityTasks/Source/Source/MSBuild.Community.Tasks/swagger-codegen-2.1.6/samples/client/petstore/javascript-closure-angular/lib/goog/base.js	191
js/unused-local-variable	FuseCP/Sources/FuseCP.WebPortal/App_Themes/Default/addons/fuelux/js/fuelux.js	7922
js/unused-local-variable	FuseCP/Sources/FuseCP.WebPortal/App_Themes/Default/addons/fuelux/js/fuelux.js	5052
js/unused-local-variable	FuseCP/Sources/FuseCP.WebPortal/App_Themes/Default/addons/fuelux/js/fuelux.js	982
js/unused-local-variable	FuseCP/Sources/FuseCP.WebDavPortal/Scripts/jquery.validate-vsdoc.js	491
js/unused-local-variable	FuseCP/Sources/FuseCP.WebDavPortal/Scripts/DataTables/jquery.dataTables.js	14523
js/unused-local-variable	FuseCP/Sources/FuseCP.WebDavPortal/Scripts/DataTables/jquery.dataTables.js	8524
js/unused-local-variable	FuseCP/Sources/FuseCP.WebDavPortal/Scripts/DataTables/jquery.dataTables.js	7202
js/unused-local-variable	FuseCP/Sources/FuseCP.WebDavPortal/Scripts/DataTables/jquery.dataTables.js	7201
js/unused-local-variable	FuseCP/Sources/FuseCP.WebDavPortal/Scripts/DataTables/jquery.dataTables.js	7201
js/unused-local-variable	FuseCP/Sources/FuseCP.WebDavPortal/Scripts/DataTables/jquery.dataTables.js	6024
js/unused-local-variable	FuseCP/Sources/FuseCP.WebDavPortal/Scripts/DataTables/jquery.dataTables.js	5937
js/unused-local-variable	FuseCP/Sources/FuseCP.WebDavPortal/Scripts/DataTables/jquery.dataTables.js	5937
js/unused-local-variable	FuseCP/Sources/FuseCP.WebDavPortal/Scripts/DataTables/jquery.dataTables.js	5937
js/unused-local-variable	FuseCP/Sources/FuseCP.WebDavPortal/Scripts/DataTables/jquery.dataTables.js	5937
js/unused-local-variable	FuseCP/Sources/FuseCP.WebDavPortal/Scripts/DataTables/jquery.dataTables.js	5937
js/unused-local-variable	FuseCP/Sources/FuseCP.WebDavPortal/Scripts/DataTables/jquery.dataTables.js	5936
js/unused-local-variable	FuseCP/Sources/FuseCP.WebDavPortal/Scripts/DataTables/jquery.dataTables.js	5932
js/unused-local-variable	FuseCP/Sources/FuseCP.WebDavPortal/Scripts/DataTables/jquery.dataTables.js	5932
js/unused-local-variable	FuseCP/Sources/FuseCP.WebDavPortal/Scripts/DataTables/jquery.dataTables.js	5931
js/unused-local-variable	FuseCP/Sources/FuseCP.WebDavPortal/Scripts/DataTables/jquery.dataTables.js	5931
js/unused-local-variable	FuseCP/Sources/FuseCP.WebDavPortal/Scripts/DataTables/jquery.dataTables.js	5931
js/unused-local-variable	FuseCP/Sources/FuseCP.WebDavPortal/Scripts/DataTables/jquery.dataTables.js	5931
js/unused-local-variable	FuseCP/Sources/FuseCP.WebDavPortal/Scripts/DataTables/jquery.dataTables.js	5861
js/unused-local-variable	FuseCP/Sources/FuseCP.WebDavPortal/Scripts/DataTables/jquery.dataTables.js	5859
js/unused-local-variable	FuseCP/Sources/FuseCP.WebDavPortal/Scripts/DataTables/jquery.dataTables.js	5543
js/unused-local-variable	FuseCP/Sources/FuseCP.WebDavPortal/Scripts/DataTables/jquery.dataTables.js	5543
js/unused-local-variable	FuseCP/Sources/FuseCP.WebDavPortal/Scripts/DataTables/jquery.dataTables.js	3738
js/unused-local-variable	FuseCP/Sources/FuseCP.WebDavPortal/Scripts/DataTables/jquery.dataTables.js	3299
js/unused-local-variable	FuseCP/Sources/FuseCP.WebDavPortal/Scripts/DataTables/jquery.dataTables.js	2983
js/unused-local-variable	FuseCP/Sources/FuseCP.WebDavPortal/Scripts/DataTables/jquery.dataTables.js	2256
js/unused-local-variable	FuseCP/Sources/FuseCP.WebDavPortal/Scripts/DataTables/jquery.dataTables.js	878
js/unused-local-variable	FuseCP/Sources/FuseCP.WebDavPortal/Scripts/DataTables/jquery.dataTables.js	878
js/unused-local-variable	FuseCP/Sources/FuseCP.WebDavPortal/Scripts/DataTables/jquery.dataTables.js	878
js/unused-local-variable	FuseCP/Sources/FuseCP.WebDavPortal/Scripts/DataTables/jquery.dataTables.js	878
js/unused-local-variable	FuseCP/Sources/FuseCP.WebDavPortal/Scripts/DataTables/dataTables.scroller.js	801
js/unused-local-variable	FuseCP/Sources/FuseCP.WebDavPortal/Scripts/DataTables/dataTables.scroller.js	800
js/unused-local-variable	FuseCP/Sources/FuseCP.WebDavPortal/Scripts/DataTables/dataTables.material.js	84
js/unused-local-variable	FuseCP/Sources/FuseCP.WebDavPortal/Scripts/DataTables/dataTables.colReorder.js	824
js/unused-local-variable	FuseCP/Sources/FuseCP.WebDavPortal/Scripts/DataTables/dataTables.colReorder.js	576
js/unused-local-variable	FuseCP/Sources/FuseCP.WebDavPortal/Scripts/DataTables/dataTables.colReorder.js	576
js/use-before-declaration	FuseCP/Sources/FuseCP.WebPortal/JavaScript/codemirror/codemirror.js	1801
js/useless-assignment-to-property	FuseCP/Sources/FuseCP.WebPortal/App_Themes/Default/js/jquery-ui/jquery-ui-1.10.4.custom.js	5146
js/useless-assignment-to-local	FuseCP/Sources/FuseCP.WebPortal/tinymce/themes/inlite/scratch/inline/theme.raw.js	1639
js/useless-assignment-to-local	FuseCP/Sources/FuseCP.WebPortal/tinymce/themes/inlite/scratch/inline/theme.js	1639
js/useless-assignment-to-local	FuseCP/Sources/FuseCP.WebPortal/tinymce/themes/inlite/src/main/js/tinymce/inlite/Theme.js	105
js/useless-assignment-to-local	FuseCP/Sources/FuseCP.WebPortal/tinymce/themes/inlite/scratch/compile/theme.js	1551
js/useless-assignment-to-local	FuseCP/Sources/FuseCP.WebPortal/App_Themes/Default/js/jquery-ui/jquery-ui-1.10.4.custom.js	10570
js/useless-assignment-to-local	FuseCP/Sources/FuseCP.WebPortal/JavaScript/codemirror/codemirror.js	5263
js/useless-assignment-to-local	FuseCP/Sources/FuseCP.WebPortal/App_Themes/Default/js/fcp-common.js	868
js/useless-assignment-to-local	FuseCP/Sources/FuseCP.WebPortal/App_Themes/Default/js/fcp-common.js	868
js/useless-assignment-to-local	FuseCP/Sources/FuseCP.WebDavPortal/Scripts/DataTables/jquery.dataTables.js	2804
js/useless-assignment-to-local	FuseCP/Sources/FuseCP.WebDavPortal/Scripts/DataTables/buttons.html5.js	140
js/regex/missing-regexp-anchor	FuseCP/Sources/FuseCP.WebPortal/tinymce/themes/inlite/src/main/js/tinymce/inlite/core/UrlType.js	14
js/regex/missing-regexp-anchor	FuseCP/Sources/FuseCP.WebPortal/tinymce/themes/inlite/scratch/inline/theme.raw.js	598
js/regex/missing-regexp-anchor	FuseCP/Sources/FuseCP.WebPortal/tinymce/themes/inlite/scratch/inline/theme.js	598
js/regex/missing-regexp-anchor	FuseCP/Sources/FuseCP.WebPortal/tinymce/themes/inlite/scratch/compile/theme.js	510
js/insecure-randomness	tools/MSBuildCommunityTasks/Source/Source/MSBuild.Community.Tasks/swagger-codegen-2.1.6/samples/client/petstore/javascript-closure-angular/lib/goog/base.js	950
js/unsafe-html-expansion	FuseCP/Sources/FuseCP.WebPortal/App_Themes/Default/js/jquery/jquery-2.1.0.js	5243
js/unsafe-html-expansion	FuseCP/Sources/FuseCP.WebPortal/App_Themes/Default/js/jquery/jquery-2.1.0.js	5042
js/incomplete-sanitization	FuseCP/Sources/FuseCP.WebPortal/App_Themes/Default/js/jquery-ui/jquery-ui-1.10.4.custom.js	11695
js/incomplete-sanitization	FuseCP/Sources/FuseCP.WebPortal/App_Themes/Default/js/jquery-ui/jquery-ui-1.10.4.custom.js	6326
js/incomplete-sanitization	FuseCP/Sources/FuseCP.WebDavPortal/Scripts/DataTables/jquery.dataTables.js	4479
js/incomplete-sanitization	FuseCP/Sources/FuseCP.WebDavPortal/Scripts/DataTables/buttons.flash.js	555
js/incomplete-sanitization	FuseCP/Sources/FuseCP.WebDavPortal/Scripts/DataTables/buttons.flash.js	514
js/incomplete-sanitization	FuseCP/Sources/FuseCP.WebDavPortal/Scripts/DataTables/buttons.html5.js	290
js/incomplete-sanitization	FuseCP/Sources/FuseCP.WebDavPortal/Scripts/DataTables/buttons.html5.js	249
js/incomplete-sanitization	FuseCP/Sources/FuseCP.WebDavPortal/Scripts/DataTables/buttons.print.js	131
js/incomplete-multi-character-sanitization	FuseCP/Sources/FuseCP.WebDavPortal/Scripts/DataTables/jquery.dataTables.js	14857
js/incomplete-multi-character-sanitization	FuseCP/Sources/FuseCP.WebDavPortal/Scripts/DataTables/jquery.dataTables.js	14763
js/incomplete-multi-character-sanitization	FuseCP/Sources/FuseCP.WebDavPortal/Scripts/DataTables/jquery.dataTables.js	6068
js/incomplete-multi-character-sanitization	FuseCP/Sources/FuseCP.WebDavPortal/Scripts/DataTables/jquery.dataTables.js	5817
js/incomplete-multi-character-sanitization	FuseCP/Sources/FuseCP.WebDavPortal/Scripts/DataTables/jquery.dataTables.js	1539
js/incomplete-multi-character-sanitization	FuseCP/Sources/FuseCP.WebDavPortal/Scripts/DataTables/dataTables.buttons.js	1600
js/incomplete-multi-character-sanitization	FuseCP/Sources/FuseCP.WebDavPortal/Scripts/DataTables/dataTables.buttons.js	1597
js/incomplete-multi-character-sanitization	FuseCP/Sources/FuseCP.WebDavPortal/Scripts/DataTables/buttons.colVis.js	149
js/bad-tag-filter	FuseCP/Sources/FuseCP.WebDavPortal/Scripts/DataTables/dataTables.buttons.js	1597
js/xss-through-dom	FuseCP/Sources/FuseCP.WebPortal/App_Themes/Default/js/fcp-common.js	869
js/xss-through-dom	FuseCP/Sources/FuseCP.WebPortal/App_Themes/Default/js/fcp-common.js	867
js/xss-through-dom	FuseCP/Sources/FuseCP.WebPortal/App_Themes/Default/js/fcp-common.js	867
js/xss-through-dom	FuseCP/Sources/FuseCP.WebPortal/App_Themes/Default/js/fcp-common.js	867
js/xss-through-dom	FuseCP/Sources/FuseCP.WebPortal/App_Themes/Default/js/fcp-common.js	867
js/xss-through-dom	FuseCP/Sources/FuseCP.WebPortal/App_Themes/Default/js/fcp-common.js	867
js/xss-through-dom	FuseCP/Sources/FuseCP.WebPortal/App_Themes/Default/js/fcp-common.js	867
js/xss-through-dom	FuseCP/Sources/FuseCP.WebPortal/App_Themes/Default/js/fcp-common.js	799
js/xss-through-dom	FuseCP/Sources/FuseCP.WebPortal/App_Themes/Default/addons/fuelux/js/fuelux.js	4878
js/xss-through-dom	FuseCP/Sources/FuseCP.WebPortal/App_Themes/Default/js/fcp-common.js	569
js/xss-through-dom	FuseCP/Sources/FuseCP.WebPortal/App_Themes/Default/js/fcp-common.js	556
js/xss-through-dom	FuseCP/Sources/FuseCP.WebPortal/App_Themes/Default/addons/fuelux/js/fuelux.js	2129
js/xss-through-dom	FuseCP/Sources/FuseCP.WebPortal/App_Themes/Default/addons/fuelux/js/fuelux.js	2116
js/xss-through-dom	FuseCP/Sources/FuseCP.WebPortal/App_Themes/Default/addons/fuelux/js/fuelux.js	2082
js/xss-through-dom	FuseCP/Sources/FuseCP.WebPortal/App_Themes/Default/addons/fuelux/js/fuelux.js	1937
js/xss-through-dom	FuseCP/Sources/FuseCP.WebPortal/App_Themes/Default/addons/fuelux/js/fuelux.js	1515
js/xss-through-dom	FuseCP/Sources/FuseCP.WebPortal/App_Themes/Default/addons/fuelux/js/fuelux.js	58
js/xss-through-dom	FuseCP/Sources/FuseCP.WebDavPortal/Scripts/appScripts/FCP-webdav.js	88
js/xss-through-dom	FuseCP/Sources/FuseCP.WebDavPortal/Scripts/DataTables/buttons.print.js	154
js/xss-through-dom	FuseCP/Sources/FuseCP.WebDavPortal/Scripts/DataTables/buttons.print.js	149
js/xss-through-dom	FuseCP/Sources/FuseCP.WebDavPortal/Scripts/DataTables/buttons.print.js	146
js/unsafe-jquery-plugin	FuseCP/Sources/FuseCP.WebPortal/App_Themes/Default/js/jquery-ui/jquery-ui-1.10.4.custom.js	7704
js/unsafe-jquery-plugin	FuseCP/Sources/FuseCP.WebPortal/App_Themes/Default/js/jquery-ui/jquery-ui-1.10.4.custom.js	1102
js/html-constructed-from-input	FuseCP/Sources/FuseCP.WebPortal/App_Themes/Default/js/jquery-ui/jquery-ui-1.10.4.custom.js	6873
js/html-constructed-from-input	FuseCP/Sources/FuseCP.WebPortal/JavaScript/jquery.window.js	831
js/html-constructed-from-input	FuseCP/Sources/FuseCP.WebPortal/JavaScript/jquery.window.js	831
js/html-constructed-from-input	FuseCP/Sources/FuseCP.WebPortal/JavaScript/jquery.window.js	831
js/html-constructed-from-input	FuseCP/Sources/FuseCP.WebPortal/JavaScript/jquery.window.js	831
js/html-constructed-from-input	FuseCP/Sources/FuseCP.WebPortal/JavaScript/jquery.window.js	831
js/html-constructed-from-input	FuseCP/Sources/FuseCP.WebPortal/JavaScript/jquery.window.js	829
js/html-constructed-from-input	FuseCP/Sources/FuseCP.WebPortal/JavaScript/jquery.window.js	829
js/html-constructed-from-input	FuseCP/Sources/FuseCP.WebPortal/JavaScript/jquery.window.js	829
js/html-constructed-from-input	FuseCP/Sources/FuseCP.WebPortal/JavaScript/jquery.window.js	829
js/html-constructed-from-input	FuseCP/Sources/FuseCP.WebPortal/JavaScript/jquery.window.js	829
js/html-constructed-from-input	FuseCP/Sources/FuseCP.WebPortal/JavaScript/jquery.window.js	617
js/html-constructed-from-input	FuseCP/Sources/FuseCP.WebPortal/JavaScript/jquery.window.js	603
js/html-constructed-from-input	FuseCP/Sources/FuseCP.WebPortal/JavaScript/jquery.window.js	586
js/html-constructed-from-input	FuseCP/Sources/FuseCP.WebPortal/JavaScript/jquery.window.js	586
js/html-constructed-from-input	FuseCP/Sources/FuseCP.WebPortal/JavaScript/jquery.window.js	486
js/html-constructed-from-input	FuseCP/Sources/FuseCP.WebPortal/JavaScript/jquery.window.js	485
js/html-constructed-from-input	FuseCP/Sources/FuseCP.WebPortal/JavaScript/jquery.window.js	426
js/redos	FuseCP/Sources/FuseCP.WebDavPortal/Scripts/jquery.validate-vsdoc.js	1136
js/redos	FuseCP/Sources/FuseCP.WebDavPortal/Scripts/jquery.validate-vsdoc.js	1136
js/redos	FuseCP/Sources/FuseCP.WebDavPortal/Scripts/jquery.validate-vsdoc.js	1130
js/redos	FuseCP/Sources/FuseCP.WebDavPortal/Scripts/jquery.validate-vsdoc.js	1130
