"number","rule","path","line","category","url"
"2507","cs/path-combine","FuseCP/Sources/FuseCP.Providers.Base/OS/SkiaSharp.cs","82","/language:csharp-server","https://github.com/FuseCPDevOPS/FuseCP/security/code-scanning/2507"
"2508","cs/path-combine","FuseCP/Sources/FuseCP.Providers.Base/OS/Shell.cs","146","/language:csharp-server","https://github.com/FuseCPDevOPS/FuseCP/security/code-scanning/2508"
"2509","cs/path-combine","FuseCP/Sources/FuseCP.Providers.Base/OS/WSLShell.cs","422","/language:csharp-server","https://github.com/FuseCPDevOPS/FuseCP/security/code-scanning/2509"
"2510","cs/path-combine","FuseCP/Sources/FuseCP.Providers.Base/OS/WSLShell.cs","423","/language:csharp-server","https://github.com/FuseCPDevOPS/FuseCP/security/code-scanning/2510"
"2511","cs/path-combine","FuseCP/Sources/FuseCP.Providers.Base/Web/HtaccessFolder.cs","199","/language:csharp-server","https://github.com/FuseCPDevOPS/FuseCP/security/code-scanning/2511"
"2512","cs/path-combine","FuseCP/Sources/FuseCP.Providers.Base/Web/HtaccessFolder.cs","206","/language:csharp-server","https://github.com/FuseCPDevOPS/FuseCP/security/code-scanning/2512"
"2513","cs/path-combine","FuseCP/Sources/FuseCP.Providers.Base/Web/HtaccessFolder.cs","242","/language:csharp-server","https://github.com/FuseCPDevOPS/FuseCP/security/code-scanning/2513"
"2514","cs/path-combine","FuseCP/Sources/FuseCP.Providers.Base/Web/HtaccessFolder.cs","256","/language:csharp-server","https://github.com/FuseCPDevOPS/FuseCP/security/code-scanning/2514"
"2515","cs/path-combine","FuseCP/Sources/FuseCP.Providers.Base/Web/HtaccessFolder.cs","308","/language:csharp-server","https://github.com/FuseCPDevOPS/FuseCP/security/code-scanning/2515"
"2516","cs/path-combine","FuseCP/Sources/FuseCP.Providers.Base/Web/HtaccessFolder.cs","528","/language:csharp-server","https://github.com/FuseCPDevOPS/FuseCP/security/code-scanning/2516"
"2517","cs/path-combine","FuseCP/Sources/FuseCP.Providers.Base/Web/HtaccessFolder.cs","552","/language:csharp-server","https://github.com/FuseCPDevOPS/FuseCP/security/code-scanning/2517"
"2518","cs/path-combine","FuseCP/Sources/FuseCP.Providers.DNS.Bind/IscBind.cs","1053","/language:csharp-server","https://github.com/FuseCPDevOPS/FuseCP/security/code-scanning/2518"
"2519","cs/path-combine","FuseCP/Sources/FuseCP.Providers.DNS.PowerDNS/PowerDNS.cs","88","/language:csharp-server","https://github.com/FuseCPDevOPS/FuseCP/security/code-scanning/2519"
"2520","cs/path-combine","FuseCP/Sources/FuseCP.Providers.DNS.PowerDNS/PowerDNS.cs","91","/language:csharp-server","https://github.com/FuseCPDevOPS/FuseCP/security/code-scanning/2520"
"2521","cs/path-combine","FuseCP/Sources/FuseCP.Providers.DNS.SimpleDNS50/SimpleDNS5.cs","62","/language:csharp-server","https://github.com/FuseCPDevOPS/FuseCP/security/code-scanning/2521"
"2522","cs/path-combine","FuseCP/Sources/FuseCP.Providers.DNS.SimpleDNS60/SimpleDNS6.cs","62","/language:csharp-server","https://github.com/FuseCPDevOPS/FuseCP/security/code-scanning/2522"
"2523","cs/path-combine","FuseCP/Sources/FuseCP.Providers.Database.MariaDB/MariaDB101.cs","437","/language:csharp-server","https://github.com/FuseCPDevOPS/FuseCP/security/code-scanning/2523"
"2524","cs/path-combine","FuseCP/Sources/FuseCP.Providers.Database.MariaDB/MariaDB101.cs","458","/language:csharp-server","https://github.com/FuseCPDevOPS/FuseCP/security/code-scanning/2524"
"2525","cs/path-combine","FuseCP/Sources/FuseCP.Providers.Database.MariaDB/MariaDB101.cs","478","/language:csharp-server","https://github.com/FuseCPDevOPS/FuseCP/security/code-scanning/2525"
"2526","cs/path-combine","FuseCP/Sources/FuseCP.Providers.Database.MariaDB/MariaDB101.cs","479","/language:csharp-server","https://github.com/FuseCPDevOPS/FuseCP/security/code-scanning/2526"
"2527","cs/path-combine","FuseCP/Sources/FuseCP.Providers.Database.MariaDB/MariaDB101.cs","483","/language:csharp-server","https://github.com/FuseCPDevOPS/FuseCP/security/code-scanning/2527"
"2528","cs/path-combine","FuseCP/Sources/FuseCP.Providers.Database.MariaDB/MariaDB101.cs","497","/language:csharp-server","https://github.com/FuseCPDevOPS/FuseCP/security/code-scanning/2528"
"2529","cs/path-combine","FuseCP/Sources/FuseCP.Providers.Database.MariaDB/MariaDB101.cs","502","/language:csharp-server","https://github.com/FuseCPDevOPS/FuseCP/security/code-scanning/2529"
"2530","cs/path-combine","FuseCP/Sources/FuseCP.Providers.Database.MariaDB/MariaDB101.cs","503","/language:csharp-server","https://github.com/FuseCPDevOPS/FuseCP/security/code-scanning/2530"
"2531","cs/path-combine","FuseCP/Sources/FuseCP.Providers.Database.MariaDB/MariaDB101.cs","528","/language:csharp-server","https://github.com/FuseCPDevOPS/FuseCP/security/code-scanning/2531"
"2532","cs/path-combine","FuseCP/Sources/FuseCP.Providers.Database.MariaDB/MariaDB101.cs","550","/language:csharp-server","https://github.com/FuseCPDevOPS/FuseCP/security/code-scanning/2532"
"2533","cs/path-combine","FuseCP/Sources/FuseCP.Providers.Database.MariaDB/MariaDB101.cs","582","/language:csharp-server","https://github.com/FuseCPDevOPS/FuseCP/security/code-scanning/2533"
"2534","cs/path-combine","FuseCP/Sources/FuseCP.Providers.Database.MariaDB/MariaDB101.cs","594","/language:csharp-server","https://github.com/FuseCPDevOPS/FuseCP/security/code-scanning/2534"
"2535","cs/path-combine","FuseCP/Sources/FuseCP.Providers.Database.MariaDB/MariaDB101.cs","789","/language:csharp-server","https://github.com/FuseCPDevOPS/FuseCP/security/code-scanning/2535"
"2536","cs/path-combine","FuseCP/Sources/FuseCP.Providers.Database.MariaDB/MariaDB101.cs","806","/language:csharp-server","https://github.com/FuseCPDevOPS/FuseCP/security/code-scanning/2536"
"2537","cs/path-combine","FuseCP/Sources/FuseCP.Providers.Database.MariaDB/MariaDB101.cs","808","/language:csharp-server","https://github.com/FuseCPDevOPS/FuseCP/security/code-scanning/2537"
"2538","cs/path-combine","FuseCP/Sources/FuseCP.Providers.Database.MariaDB/MariaDB101.cs","50","/language:csharp-server","https://github.com/FuseCPDevOPS/FuseCP/security/code-scanning/2538"
"2539","cs/path-combine","FuseCP/Sources/FuseCP.Providers.Database.MySQL/MySqlServer.cs","453","/language:csharp-server","https://github.com/FuseCPDevOPS/FuseCP/security/code-scanning/2539"
"2540","cs/path-combine","FuseCP/Sources/FuseCP.Providers.Database.MySQL/MySqlServer.cs","474","/language:csharp-server","https://github.com/FuseCPDevOPS/FuseCP/security/code-scanning/2540"
"2541","cs/path-combine","FuseCP/Sources/FuseCP.Providers.Database.MySQL/MySqlServer.cs","492","/language:csharp-server","https://github.com/FuseCPDevOPS/FuseCP/security/code-scanning/2541"
"2542","cs/path-combine","FuseCP/Sources/FuseCP.Providers.Database.MySQL/MySqlServer.cs","496","/language:csharp-server","https://github.com/FuseCPDevOPS/FuseCP/security/code-scanning/2542"
"2543","cs/path-combine","FuseCP/Sources/FuseCP.Providers.Database.MySQL/MySqlServer.cs","510","/language:csharp-server","https://github.com/FuseCPDevOPS/FuseCP/security/code-scanning/2543"
"2544","cs/path-combine","FuseCP/Sources/FuseCP.Providers.Database.MySQL/MySqlServer.cs","518","/language:csharp-server","https://github.com/FuseCPDevOPS/FuseCP/security/code-scanning/2544"
"2545","cs/path-combine","FuseCP/Sources/FuseCP.Providers.Database.MySQL/MySqlServer.cs","542","/language:csharp-server","https://github.com/FuseCPDevOPS/FuseCP/security/code-scanning/2545"
"2546","cs/path-combine","FuseCP/Sources/FuseCP.Providers.Database.MariaDB/MariaDB101.cs","604","/language:csharp-server","https://github.com/FuseCPDevOPS/FuseCP/security/code-scanning/2546"
"2547","cs/path-combine","FuseCP/Sources/FuseCP.Providers.Database.MySQL/MySqlServer.cs","564","/language:csharp-server","https://github.com/FuseCPDevOPS/FuseCP/security/code-scanning/2547"
"2548","cs/path-combine","FuseCP/Sources/FuseCP.Providers.Database.MySQL/MySqlServer.cs","594","/language:csharp-server","https://github.com/FuseCPDevOPS/FuseCP/security/code-scanning/2548"
"2549","cs/path-combine","FuseCP/Sources/FuseCP.Providers.Database.MySQL/MySqlServer.cs","789","/language:csharp-server","https://github.com/FuseCPDevOPS/FuseCP/security/code-scanning/2549"
"2550","cs/path-combine","FuseCP/Sources/FuseCP.Providers.Database.MySQL/MySqlServer.cs","806","/language:csharp-server","https://github.com/FuseCPDevOPS/FuseCP/security/code-scanning/2550"
"2551","cs/path-combine","FuseCP/Sources/FuseCP.Providers.Database.MySQL/MySqlServer.cs","808","/language:csharp-server","https://github.com/FuseCPDevOPS/FuseCP/security/code-scanning/2551"
"2552","cs/path-combine","FuseCP/Sources/FuseCP.Providers.Database.MySQL/MySqlServer.cs","49","/language:csharp-server","https://github.com/FuseCPDevOPS/FuseCP/security/code-scanning/2552"
"2553","cs/path-combine","FuseCP/Sources/FuseCP.Providers.Database.SqlServer/MsSqlServer.Legacy.cs","493","/language:csharp-server","https://github.com/FuseCPDevOPS/FuseCP/security/code-scanning/2553"
"2554","cs/path-combine","FuseCP/Sources/FuseCP.Providers.Database.MySQL/MySqlServer.cs","604","/language:csharp-server","https://github.com/FuseCPDevOPS/FuseCP/security/code-scanning/2554"
"2555","cs/path-combine","FuseCP/Sources/FuseCP.Providers.Database.SqlServer/MsSqlServer.Legacy.cs","525","/language:csharp-server","https://github.com/FuseCPDevOPS/FuseCP/security/code-scanning/2555"
"2556","cs/path-combine","FuseCP/Sources/FuseCP.Providers.Database.SqlServer/MsSqlServer.Legacy.cs","549","/language:csharp-server","https://github.com/FuseCPDevOPS/FuseCP/security/code-scanning/2556"
"2557","cs/path-combine","FuseCP/Sources/FuseCP.Providers.Database.SqlServer/MsSqlServer.Legacy.cs","561","/language:csharp-server","https://github.com/FuseCPDevOPS/FuseCP/security/code-scanning/2557"
"2558","cs/path-combine","FuseCP/Sources/FuseCP.Providers.Database.SqlServer/MsSqlServer.cs","542","/language:csharp-server","https://github.com/FuseCPDevOPS/FuseCP/security/code-scanning/2558"
"2559","cs/path-combine","FuseCP/Sources/FuseCP.Providers.Database.SqlServer/MsSqlServer.cs","574","/language:csharp-server","https://github.com/FuseCPDevOPS/FuseCP/security/code-scanning/2559"
"2560","cs/path-combine","FuseCP/Sources/FuseCP.Providers.Database.SqlServer/MsSqlServer.Legacy.cs","595","/language:csharp-server","https://github.com/FuseCPDevOPS/FuseCP/security/code-scanning/2560"
"2561","cs/path-combine","FuseCP/Sources/FuseCP.Providers.Database.SqlServer/MsSqlServer.cs","598","/language:csharp-server","https://github.com/FuseCPDevOPS/FuseCP/security/code-scanning/2561"
"2562","cs/path-combine","FuseCP/Sources/FuseCP.Providers.Database.SqlServer/MsSqlServer.cs","610","/language:csharp-server","https://github.com/FuseCPDevOPS/FuseCP/security/code-scanning/2562"
"2563","cs/path-combine","FuseCP/Sources/FuseCP.Providers.Database.SqlServer/MsSqlServer.Legacy.cs","643","/language:csharp-server","https://github.com/FuseCPDevOPS/FuseCP/security/code-scanning/2563"
"2564","cs/path-combine","FuseCP/Sources/FuseCP.Providers.Database.SqlServer/MsSqlServer.cs","644","/language:csharp-server","https://github.com/FuseCPDevOPS/FuseCP/security/code-scanning/2564"
"2565","cs/path-combine","FuseCP/Sources/FuseCP.Providers.Database.SqlServer/MsSqlServer.cs","704","/language:csharp-server","https://github.com/FuseCPDevOPS/FuseCP/security/code-scanning/2565"
"2566","cs/path-combine","FuseCP/Sources/FuseCP.Providers.EnterpriseStorage.Windows2016/Windows2016.cs","81","/language:csharp-server","https://github.com/FuseCPDevOPS/FuseCP/security/code-scanning/2566"
"2567","cs/path-combine","FuseCP/Sources/FuseCP.Providers.Database.SqlServer/MsSqlServer.cs","311","/language:csharp-server","https://github.com/FuseCPDevOPS/FuseCP/security/code-scanning/2567"
"2568","cs/path-combine","FuseCP/Sources/FuseCP.Providers.Database.SqlServer/MsSqlServer.cs","312","/language:csharp-server","https://github.com/FuseCPDevOPS/FuseCP/security/code-scanning/2568"
"2569","cs/path-combine","FuseCP/Sources/FuseCP.Providers.Database.SqlServer/MsSqlServer.Legacy.cs","292","/language:csharp-server","https://github.com/FuseCPDevOPS/FuseCP/security/code-scanning/2569"
"2570","cs/path-combine","FuseCP/Sources/FuseCP.Providers.Database.SqlServer/MsSqlServer.Legacy.cs","293","/language:csharp-server","https://github.com/FuseCPDevOPS/FuseCP/security/code-scanning/2570"
"2571","cs/path-combine","FuseCP/Sources/FuseCP.Providers.EnterpriseStorage.Windows2016/Windows2016.cs","377","/language:csharp-server","https://github.com/FuseCPDevOPS/FuseCP/security/code-scanning/2571"
"2572","cs/path-combine","FuseCP/Sources/FuseCP.Providers.EnterpriseStorage.Windows2016/Windows2016.cs","378","/language:csharp-server","https://github.com/FuseCPDevOPS/FuseCP/security/code-scanning/2572"
"2573","cs/path-combine","FuseCP/Sources/FuseCP.Providers.EnterpriseStorage.Windows2016/Windows2016.cs","381","/language:csharp-server","https://github.com/FuseCPDevOPS/FuseCP/security/code-scanning/2573"
"2574","cs/path-combine","FuseCP/Sources/FuseCP.Providers.FTP.FileZilla/FileZilla.cs","393","/language:csharp-server","https://github.com/FuseCPDevOPS/FuseCP/security/code-scanning/2574"
"2575","cs/path-combine","FuseCP/Sources/FuseCP.Providers.FTP.FileZilla/FileZilla.cs","419","/language:csharp-server","https://github.com/FuseCPDevOPS/FuseCP/security/code-scanning/2575"
"2576","cs/path-combine","FuseCP/Sources/FuseCP.Providers.FTP.Gene6/Gene6FTP.cs","140","/language:csharp-server","https://github.com/FuseCPDevOPS/FuseCP/security/code-scanning/2576"
"2577","cs/path-combine","FuseCP/Sources/FuseCP.Providers.FTP.IIs100/MsFTP100.cs","366","/language:csharp-server","https://github.com/FuseCPDevOPS/FuseCP/security/code-scanning/2577"
"2578","cs/path-combine","FuseCP/Sources/FuseCP.Providers.FTP.IIs100/MsFTP100.cs","495","/language:csharp-server","https://github.com/FuseCPDevOPS/FuseCP/security/code-scanning/2578"
"2579","cs/path-combine","FuseCP/Sources/FuseCP.Providers.FTP.IIs100/MsFTP100.cs","1017","/language:csharp-server","https://github.com/FuseCPDevOPS/FuseCP/security/code-scanning/2579"
"2580","cs/path-combine","FuseCP/Sources/FuseCP.Providers.FTP.ServU/ServU.cs","407","/language:csharp-server","https://github.com/FuseCPDevOPS/FuseCP/security/code-scanning/2580"
"2581","cs/path-combine","FuseCP/Sources/FuseCP.Providers.HostedSolution/BlackBerry5Provider.cs","41","/language:csharp-server","https://github.com/FuseCPDevOPS/FuseCP/security/code-scanning/2581"
"2582","cs/path-combine","FuseCP/Sources/FuseCP.Providers.HostedSolution/BlackBerry5Provider.cs","54","/language:csharp-server","https://github.com/FuseCPDevOPS/FuseCP/security/code-scanning/2582"
"2583","cs/path-combine","FuseCP/Sources/FuseCP.Providers.HostedSolution/BlackBerry5Provider.cs","55","/language:csharp-server","https://github.com/FuseCPDevOPS/FuseCP/security/code-scanning/2583"
"2584","cs/path-combine","FuseCP/Sources/FuseCP.Providers.HostedSolution/BlackBerry5Provider.cs","137","/language:csharp-server","https://github.com/FuseCPDevOPS/FuseCP/security/code-scanning/2584"
"2585","cs/path-combine","FuseCP/Sources/FuseCP.Providers.HostedSolution/BlackBerry5Provider.cs","182","/language:csharp-server","https://github.com/FuseCPDevOPS/FuseCP/security/code-scanning/2585"
"2586","cs/path-combine","FuseCP/Sources/FuseCP.Providers.HostedSolution/BlackBerry5Provider.cs","234","/language:csharp-server","https://github.com/FuseCPDevOPS/FuseCP/security/code-scanning/2586"
"2587","cs/path-combine","FuseCP/Sources/FuseCP.Providers.HostedSolution/BlackBerry5Provider.cs","277","/language:csharp-server","https://github.com/FuseCPDevOPS/FuseCP/security/code-scanning/2587"
"2588","cs/path-combine","FuseCP/Sources/FuseCP.Providers.HostedSolution/BlackBerry5Provider.cs","365","/language:csharp-server","https://github.com/FuseCPDevOPS/FuseCP/security/code-scanning/2588"
"2589","cs/path-combine","FuseCP/Sources/FuseCP.Providers.HostedSolution/BlackBerryProvider.cs","96","/language:csharp-server","https://github.com/FuseCPDevOPS/FuseCP/security/code-scanning/2589"
"2590","cs/path-combine","FuseCP/Sources/FuseCP.Providers.HostedSolution/BlackBerry5Provider.cs","444","/language:csharp-server","https://github.com/FuseCPDevOPS/FuseCP/security/code-scanning/2590"
"2591","cs/path-combine","FuseCP/Sources/FuseCP.Providers.HostedSolution/BlackBerryProvider.cs","232","/language:csharp-server","https://github.com/FuseCPDevOPS/FuseCP/security/code-scanning/2591"
"2592","cs/path-combine","FuseCP/Sources/FuseCP.Providers.HostedSolution/BlackBerryProvider.cs","294","/language:csharp-server","https://github.com/FuseCPDevOPS/FuseCP/security/code-scanning/2592"
"2593","cs/path-combine","FuseCP/Sources/FuseCP.Providers.HostedSolution/BlackBerryProvider.cs","410","/language:csharp-server","https://github.com/FuseCPDevOPS/FuseCP/security/code-scanning/2593"
"2594","cs/path-combine","FuseCP/Sources/FuseCP.Providers.HostedSolution/BlackBerryProvider.cs","438","/language:csharp-server","https://github.com/FuseCPDevOPS/FuseCP/security/code-scanning/2594"
"2595","cs/path-combine","FuseCP/Sources/FuseCP.Providers.HostedSolution/BlackBerryProvider.cs","487","/language:csharp-server","https://github.com/FuseCPDevOPS/FuseCP/security/code-scanning/2595"
"2596","cs/path-combine","FuseCP/Sources/FuseCP.Providers.HostedSolution/BlackBerryProvider.cs","534","/language:csharp-server","https://github.com/FuseCPDevOPS/FuseCP/security/code-scanning/2596"
"2603","cs/path-combine","FuseCP/Sources/FuseCP.Providers.HostedSolution/Exchange2010.cs","831","/language:csharp-server","https://github.com/FuseCPDevOPS/FuseCP/security/code-scanning/2603"
"2604","cs/path-combine","FuseCP/Sources/FuseCP.Providers.HostedSolution/HostedSharePointServer.cs","186","/language:csharp-server","https://github.com/FuseCPDevOPS/FuseCP/security/code-scanning/2604"
"2605","cs/path-combine","FuseCP/Sources/FuseCP.Providers.HostedSolution/HostedSharePointServerImpl.cs","495","/language:csharp-server","https://github.com/FuseCPDevOPS/FuseCP/security/code-scanning/2605"
"2606","cs/path-combine","FuseCP/Sources/FuseCP.Providers.HostedSolution/HostedSharePointServerImpl.cs","501","/language:csharp-server","https://github.com/FuseCPDevOPS/FuseCP/security/code-scanning/2606"
"2607","cs/path-combine","FuseCP/Sources/FuseCP.Providers.HostedSolution/Exchange2007.cs","6024","/language:csharp-server","https://github.com/FuseCPDevOPS/FuseCP/security/code-scanning/2607"
"2608","cs/path-combine","FuseCP/Sources/FuseCP.Providers.HostedSolution/Exchange2007.cs","6039","/language:csharp-server","https://github.com/FuseCPDevOPS/FuseCP/security/code-scanning/2608"
"2613","cs/path-combine","FuseCP/Sources/FuseCP.Providers.HostedSolution.Exchange2013/Exchange2013.cs","6890","/language:csharp-server","https://github.com/FuseCPDevOPS/FuseCP/security/code-scanning/2613"
"2614","cs/path-combine","FuseCP/Sources/FuseCP.Providers.HostedSolution.Exchange2013/Exchange2013.cs","6905","/language:csharp-server","https://github.com/FuseCPDevOPS/FuseCP/security/code-scanning/2614"
"2615","cs/path-combine","FuseCP/Sources/FuseCP.Providers.HostedSolution.Exchange2016/Exchange2016.cs","6924","/language:csharp-server","https://github.com/FuseCPDevOPS/FuseCP/security/code-scanning/2615"
"2616","cs/path-combine","FuseCP/Sources/FuseCP.Providers.HostedSolution.Exchange2016/Exchange2016.cs","6939","/language:csharp-server","https://github.com/FuseCPDevOPS/FuseCP/security/code-scanning/2616"
"2617","cs/path-combine","FuseCP/Sources/FuseCP.Providers.HostedSolution.Exchange2019/Exchange2019.cs","6924","/language:csharp-server","https://github.com/FuseCPDevOPS/FuseCP/security/code-scanning/2617"
"2618","cs/path-combine","FuseCP/Sources/FuseCP.Providers.HostedSolution.Exchange2019/Exchange2019.cs","6939","/language:csharp-server","https://github.com/FuseCPDevOPS/FuseCP/security/code-scanning/2618"
"2619","cs/path-combine","FuseCP/Sources/FuseCP.Providers.HostedSolution.SharePoint2013/HostedSharePointServer2013.cs","168","/language:csharp-server","https://github.com/FuseCPDevOPS/FuseCP/security/code-scanning/2619"
"2621","cs/path-combine","FuseCP/Sources/FuseCP.Providers.HostedSolution.SharePoint2013/HostedSharePointServer2013Impl.cs","373","/language:csharp-server","https://github.com/FuseCPDevOPS/FuseCP/security/code-scanning/2621"
"2622","cs/path-combine","FuseCP/Sources/FuseCP.Providers.HostedSolution.SharePoint2013/HostedSharePointServer2013Impl.cs","387","/language:csharp-server","https://github.com/FuseCPDevOPS/FuseCP/security/code-scanning/2622"
"2623","cs/path-combine","FuseCP/Sources/FuseCP.Providers.HostedSolution.SharePoint2013Ent/HostedSharePointServer2013Ent.cs","168","/language:csharp-server","https://github.com/FuseCPDevOPS/FuseCP/security/code-scanning/2623"
"2625","cs/path-combine","FuseCP/Sources/FuseCP.Providers.HostedSolution.SharePoint2016/HostedSharePointServer2016.cs","168","/language:csharp-server","https://github.com/FuseCPDevOPS/FuseCP/security/code-scanning/2625"
"2627","cs/path-combine","FuseCP/Sources/FuseCP.Providers.HostedSolution.SharePoint2013Ent/HostedSharePointServer2013EntImpl.cs","373","/language:csharp-server","https://github.com/FuseCPDevOPS/FuseCP/security/code-scanning/2627"
"2628","cs/path-combine","FuseCP/Sources/FuseCP.Providers.HostedSolution.SharePoint2013Ent/HostedSharePointServer2013EntImpl.cs","387","/language:csharp-server","https://github.com/FuseCPDevOPS/FuseCP/security/code-scanning/2628"
"2629","cs/path-combine","FuseCP/Sources/FuseCP.Providers.HostedSolution.SharePoint2016/HostedSharePointServer2016Impl.cs","373","/language:csharp-server","https://github.com/FuseCPDevOPS/FuseCP/security/code-scanning/2629"
"2630","cs/path-combine","FuseCP/Sources/FuseCP.Providers.HostedSolution.SharePoint2016/HostedSharePointServer2016Impl.cs","387","/language:csharp-server","https://github.com/FuseCPDevOPS/FuseCP/security/code-scanning/2630"
"2631","cs/path-combine","FuseCP/Sources/FuseCP.Providers.HostedSolution.SharePoint2016Ent/HostedSharePointServer2016Ent.cs","168","/language:csharp-server","https://github.com/FuseCPDevOPS/FuseCP/security/code-scanning/2631"
"2633","cs/path-combine","FuseCP/Sources/FuseCP.Providers.HostedSolution.SharePoint2016Ent/HostedSharePointServer2016EntImpl.cs","373","/language:csharp-server","https://github.com/FuseCPDevOPS/FuseCP/security/code-scanning/2633"
"2634","cs/path-combine","FuseCP/Sources/FuseCP.Providers.HostedSolution.SharePoint2016Ent/HostedSharePointServer2016EntImpl.cs","387","/language:csharp-server","https://github.com/FuseCPDevOPS/FuseCP/security/code-scanning/2634"
"2635","cs/path-combine","FuseCP/Sources/FuseCP.Providers.HostedSolution.SharePoint2019/HostedSharePointServer2019.cs","168","/language:csharp-server","https://github.com/FuseCPDevOPS/FuseCP/security/code-scanning/2635"
"2637","cs/path-combine","FuseCP/Sources/FuseCP.Providers.Mail.AbilityMailServer/AMSHelper.cs","185","/language:csharp-server","https://github.com/FuseCPDevOPS/FuseCP/security/code-scanning/2637"
"2638","cs/path-combine","FuseCP/Sources/FuseCP.Providers.Mail.AbilityMailServer/AMSHelper.cs","194","/language:csharp-server","https://github.com/FuseCPDevOPS/FuseCP/security/code-scanning/2638"
"2639","cs/path-combine","FuseCP/Sources/FuseCP.Providers.HostedSolution.SharePoint2019/HostedSharePointServer2019Impl.cs","373","/language:csharp-server","https://github.com/FuseCPDevOPS/FuseCP/security/code-scanning/2639"
"2640","cs/path-combine","FuseCP/Sources/FuseCP.Providers.Mail.AbilityMailServer/AMSHelper.cs","222","/language:csharp-server","https://github.com/FuseCPDevOPS/FuseCP/security/code-scanning/2640"
"2641","cs/path-combine","FuseCP/Sources/FuseCP.Providers.Mail.AbilityMailServer/AMSHelper.cs","240","/language:csharp-server","https://github.com/FuseCPDevOPS/FuseCP/security/code-scanning/2641"
"2642","cs/path-combine","FuseCP/Sources/FuseCP.Providers.Mail.AbilityMailServer/AMSHelper.cs","260","/language:csharp-server","https://github.com/FuseCPDevOPS/FuseCP/security/code-scanning/2642"
"2643","cs/path-combine","FuseCP/Sources/FuseCP.Providers.Mail.AbilityMailServer/AMSHelper.cs","281","/language:csharp-server","https://github.com/FuseCPDevOPS/FuseCP/security/code-scanning/2643"
"2644","cs/path-combine","FuseCP/Sources/FuseCP.Providers.HostedSolution.SharePoint2019/HostedSharePointServer2019Impl.cs","387","/language:csharp-server","https://github.com/FuseCPDevOPS/FuseCP/security/code-scanning/2644"
"2645","cs/path-combine","FuseCP/Sources/FuseCP.Providers.Mail.AbilityMailServer/AMSHelper.cs","350","/language:csharp-server","https://github.com/FuseCPDevOPS/FuseCP/security/code-scanning/2645"
"2646","cs/path-combine","FuseCP/Sources/FuseCP.Providers.Mail.AbilityMailServer/AMSHelper.cs","107","/language:csharp-server","https://github.com/FuseCPDevOPS/FuseCP/security/code-scanning/2646"
"2647","cs/path-combine","FuseCP/Sources/FuseCP.Providers.Mail.AbilityMailServer/AMSHelper.cs","113","/language:csharp-server","https://github.com/FuseCPDevOPS/FuseCP/security/code-scanning/2647"
"2648","cs/path-combine","FuseCP/Sources/FuseCP.Providers.Mail.AbilityMailServer/AMSHelper.cs","117","/language:csharp-server","https://github.com/FuseCPDevOPS/FuseCP/security/code-scanning/2648"
"2649","cs/path-combine","FuseCP/Sources/FuseCP.Providers.Mail.AbilityMailServer/AmsDomain.cs","57","/language:csharp-server","https://github.com/FuseCPDevOPS/FuseCP/security/code-scanning/2649"
"2650","cs/path-combine","FuseCP/Sources/FuseCP.Providers.Mail.AbilityMailServer/AmsMailbox.cs","106","/language:csharp-server","https://github.com/FuseCPDevOPS/FuseCP/security/code-scanning/2650"
"2651","cs/path-combine","FuseCP/Sources/FuseCP.Providers.Mail.SmarterMail10/SmarterMail10.cs","513","/language:csharp-server","https://github.com/FuseCPDevOPS/FuseCP/security/code-scanning/2651"
"2652","cs/path-combine","FuseCP/Sources/FuseCP.Providers.Mail.SmarterMail10/SmarterMail10.cs","544","/language:csharp-server","https://github.com/FuseCPDevOPS/FuseCP/security/code-scanning/2652"
"2653","cs/path-combine","FuseCP/Sources/FuseCP.Providers.Mail.SmarterMail2/SmarterMail2.cs","342","/language:csharp-server","https://github.com/FuseCPDevOPS/FuseCP/security/code-scanning/2653"
"2654","cs/path-combine","FuseCP/Sources/FuseCP.Providers.Mail.SmarterMail2/SmarterMail2.cs","371","/language:csharp-server","https://github.com/FuseCPDevOPS/FuseCP/security/code-scanning/2654"
"2655","cs/path-combine","FuseCP/Sources/FuseCP.Providers.Mail.SmarterMail2/SmarterMail2.cs","1437","/language:csharp-server","https://github.com/FuseCPDevOPS/FuseCP/security/code-scanning/2655"
"2656","cs/path-combine","FuseCP/Sources/FuseCP.Providers.Mail.SmarterMail5/SmarterMail5.cs","182","/language:csharp-server","https://github.com/FuseCPDevOPS/FuseCP/security/code-scanning/2656"
"2657","cs/path-combine","FuseCP/Sources/FuseCP.Providers.Mail.SmarterMail5/SmarterMail5.cs","213","/language:csharp-server","https://github.com/FuseCPDevOPS/FuseCP/security/code-scanning/2657"
"2658","cs/path-combine","FuseCP/Sources/FuseCP.Providers.Mail.SmarterMail6/SmarterMail6.cs","509","/language:csharp-server","https://github.com/FuseCPDevOPS/FuseCP/security/code-scanning/2658"
"2659","cs/path-combine","FuseCP/Sources/FuseCP.Providers.Mail.SmarterMail6/SmarterMail6.cs","540","/language:csharp-server","https://github.com/FuseCPDevOPS/FuseCP/security/code-scanning/2659"
"2660","cs/path-combine","FuseCP/Sources/FuseCP.Providers.Mail.SmarterMail7/SmarterMail7.cs","509","/language:csharp-server","https://github.com/FuseCPDevOPS/FuseCP/security/code-scanning/2660"
"2661","cs/path-combine","FuseCP/Sources/FuseCP.Providers.Mail.SmarterMail7/SmarterMail7.cs","540","/language:csharp-server","https://github.com/FuseCPDevOPS/FuseCP/security/code-scanning/2661"
"2662","cs/path-combine","FuseCP/Sources/FuseCP.Providers.Mail.SmarterMail9/SmarterMail9.cs","513","/language:csharp-server","https://github.com/FuseCPDevOPS/FuseCP/security/code-scanning/2662"
"2663","cs/path-combine","FuseCP/Sources/FuseCP.Providers.Mail.SmarterMail9/SmarterMail9.cs","544","/language:csharp-server","https://github.com/FuseCPDevOPS/FuseCP/security/code-scanning/2663"
"2665","cs/path-combine","FuseCP/Sources/FuseCP.Providers.OS.Unix/ServiceControllers/LaunchdServcieController.cs","48","/language:csharp-server","https://github.com/FuseCPDevOPS/FuseCP/security/code-scanning/2665"
"2666","cs/path-combine","FuseCP/Sources/FuseCP.Providers.OS.Unix/ServiceControllers/LaunchdServcieController.cs","126","/language:csharp-server","https://github.com/FuseCPDevOPS/FuseCP/security/code-scanning/2666"
"2667","cs/path-combine","FuseCP/Sources/FuseCP.Providers.OS.Unix/ServiceControllers/OpenRCServiceController.cs","111","/language:csharp-server","https://github.com/FuseCPDevOPS/FuseCP/security/code-scanning/2667"
"2668","cs/path-combine","FuseCP/Sources/FuseCP.Providers.OS.Unix/ServiceControllers/SystemdServiceController.cs","216","/language:csharp-server","https://github.com/FuseCPDevOPS/FuseCP/security/code-scanning/2668"
"2669","cs/path-combine","FuseCP/Sources/FuseCP.Providers.OS.Unix/ServiceControllers/SystemdServiceController.cs","226","/language:csharp-server","https://github.com/FuseCPDevOPS/FuseCP/security/code-scanning/2669"
"2670","cs/path-combine","FuseCP/Sources/FuseCP.Providers.OS.Unix/Unix.cs","57","/language:csharp-server","https://github.com/FuseCPDevOPS/FuseCP/security/code-scanning/2670"
"2671","cs/path-combine","FuseCP/Sources/FuseCP.Providers.OS.Windows2016/Windows2016.cs","77","/language:csharp-server","https://github.com/FuseCPDevOPS/FuseCP/security/code-scanning/2671"
"2672","cs/path-combine","FuseCP/Sources/FuseCP.Providers.OS.Windows2016/Windows2016.cs","1528","/language:csharp-server","https://github.com/FuseCPDevOPS/FuseCP/security/code-scanning/2672"
"2673","cs/path-combine","FuseCP/Sources/FuseCP.Providers.OS.Windows2019/Windows2019.cs","72","/language:csharp-server","https://github.com/FuseCPDevOPS/FuseCP/security/code-scanning/2673"
"2674","cs/path-combine","FuseCP/Sources/FuseCP.Providers.OS.Windows2022/Windows2022.cs","72","/language:csharp-server","https://github.com/FuseCPDevOPS/FuseCP/security/code-scanning/2674"
"2675","cs/path-combine","FuseCP/Sources/FuseCP.Providers.OS.Windows2025/Windows2025.cs","72","/language:csharp-server","https://github.com/FuseCPDevOPS/FuseCP/security/code-scanning/2675"
"2676","cs/path-combine","FuseCP/Sources/FuseCP.Providers.Statistics.AWStats/AWStats.cs","111","/language:csharp-server","https://github.com/FuseCPDevOPS/FuseCP/security/code-scanning/2676"
"2677","cs/path-combine","FuseCP/Sources/FuseCP.Providers.Statistics.AWStats/AWStats.cs","148","/language:csharp-server","https://github.com/FuseCPDevOPS/FuseCP/security/code-scanning/2677"
"2678","cs/path-combine","FuseCP/Sources/FuseCP.Providers.Statistics.AWStats/AWStats.cs","178","/language:csharp-server","https://github.com/FuseCPDevOPS/FuseCP/security/code-scanning/2678"
"2679","cs/path-combine","FuseCP/Sources/FuseCP.Providers.Statistics.AWStats/AWStats.cs","234","/language:csharp-server","https://github.com/FuseCPDevOPS/FuseCP/security/code-scanning/2679"
"2680","cs/path-combine","FuseCP/Sources/FuseCP.Providers.Statistics.AWStats/AWStats.cs","241","/language:csharp-server","https://github.com/FuseCPDevOPS/FuseCP/security/code-scanning/2680"
"2681","cs/path-combine","FuseCP/Sources/FuseCP.Providers.StorageSpaces.Windows2016/Windows2016.cs","71","/language:csharp-server","https://github.com/FuseCPDevOPS/FuseCP/security/code-scanning/2681"
"2682","cs/path-combine","FuseCP/Sources/FuseCP.Providers.StorageSpaces.Windows2016/Windows2016.cs","781","/language:csharp-server","https://github.com/FuseCPDevOPS/FuseCP/security/code-scanning/2682"
"2683","cs/path-combine","FuseCP/Sources/FuseCP.Providers.TerminalServices.Windows2012/Windows2012.cs","1010","/language:csharp-server","https://github.com/FuseCPDevOPS/FuseCP/security/code-scanning/2683"
"2684","cs/path-combine","FuseCP/Sources/FuseCP.Providers.TerminalServices.Windows2012/Windows2012.cs","1028","/language:csharp-server","https://github.com/FuseCPDevOPS/FuseCP/security/code-scanning/2684"
"2685","cs/path-combine","FuseCP/Sources/FuseCP.Providers.TerminalServices.Windows2012/Windows2012.cs","1046","/language:csharp-server","https://github.com/FuseCPDevOPS/FuseCP/security/code-scanning/2685"
"2686","cs/path-combine","FuseCP/Sources/FuseCP.Providers.TerminalServices.Windows2012/Windows2012.cs","1089","/language:csharp-server","https://github.com/FuseCPDevOPS/FuseCP/security/code-scanning/2686"
"2687","cs/path-combine","FuseCP/Sources/FuseCP.Providers.Virtualization.HyperV-2012R2/Helpers/FileSystemHelper.cs","44","/language:csharp-server","https://github.com/FuseCPDevOPS/FuseCP/security/code-scanning/2687"
"2688","cs/path-combine","FuseCP/Sources/FuseCP.Providers.Virtualization.HyperV-2012R2/Helpers/FileSystemHelper.cs","68","/language:csharp-server","https://github.com/FuseCPDevOPS/FuseCP/security/code-scanning/2688"
"2689","cs/path-combine","FuseCP/Sources/FuseCP.Providers.Virtualization.HyperV/HyperV.cs","1185","/language:csharp-server","https://github.com/FuseCPDevOPS/FuseCP/security/code-scanning/2689"
"2690","cs/path-combine","FuseCP/Sources/FuseCP.Providers.Virtualization.HyperV-2012R2/Helpers/HardDriveHelper.cs","191","/language:csharp-server","https://github.com/FuseCPDevOPS/FuseCP/security/code-scanning/2690"
"2691","cs/path-combine","FuseCP/Sources/FuseCP.Providers.Virtualization.HyperV/HyperV.cs","1775","/language:csharp-server","https://github.com/FuseCPDevOPS/FuseCP/security/code-scanning/2691"
"2692","cs/path-combine","FuseCP/Sources/FuseCP.Providers.Virtualization.HyperV/HyperV.cs","1800","/language:csharp-server","https://github.com/FuseCPDevOPS/FuseCP/security/code-scanning/2692"
"2693","cs/path-combine","FuseCP/Sources/FuseCP.Providers.Virtualization.HyperV/HyperV.cs","1824","/language:csharp-server","https://github.com/FuseCPDevOPS/FuseCP/security/code-scanning/2693"
"2694","cs/path-combine","FuseCP/Sources/FuseCP.Providers.Virtualization.HyperV-2012R2/Helpers/VdsHelper.cs","322","/language:csharp-server","https://github.com/FuseCPDevOPS/FuseCP/security/code-scanning/2694"
"2695","cs/path-combine","FuseCP/Sources/FuseCP.Providers.Virtualization.HyperV-vmm/Helpers/VdsHelper.cs","208","/language:csharp-server","https://github.com/FuseCPDevOPS/FuseCP/security/code-scanning/2695"
"2696","cs/path-combine","FuseCP/Sources/FuseCP.Providers.Virtualization.HyperV-vmm/HyperVvmm.cs","1349","/language:csharp-server","https://github.com/FuseCPDevOPS/FuseCP/security/code-scanning/2696"
"2697","cs/path-combine","FuseCP/Sources/FuseCP.Providers.Virtualization.HyperV-vmm/HyperVvmm.cs","1373","/language:csharp-server","https://github.com/FuseCPDevOPS/FuseCP/security/code-scanning/2697"
"2698","cs/path-combine","FuseCP/Sources/FuseCP.Providers.Web.Apache/Apache24.cs","56","/language:csharp-server","https://github.com/FuseCPDevOPS/FuseCP/security/code-scanning/2698"
"2699","cs/path-combine","FuseCP/Sources/FuseCP.Providers.Web.Apache/Apache24.cs","569","/language:csharp-server","https://github.com/FuseCPDevOPS/FuseCP/security/code-scanning/2699"
"2700","cs/path-combine","FuseCP/Sources/FuseCP.Providers.Web.Apache/Apache24.cs","660","/language:csharp-server","https://github.com/FuseCPDevOPS/FuseCP/security/code-scanning/2700"
"2701","cs/path-combine","FuseCP/Sources/FuseCP.Providers.Web.Apache/Apache24.cs","673","/language:csharp-server","https://github.com/FuseCPDevOPS/FuseCP/security/code-scanning/2701"
"2702","cs/path-combine","FuseCP/Sources/FuseCP.Providers.Web.Apache/Apache24.cs","818","/language:csharp-server","https://github.com/FuseCPDevOPS/FuseCP/security/code-scanning/2702"
"2703","cs/path-combine","FuseCP/Sources/FuseCP.Providers.Virtualization.Proxmox/Proxmoxvps.cs","1067","/language:csharp-server","https://github.com/FuseCPDevOPS/FuseCP/security/code-scanning/2703"
"2704","cs/path-combine","FuseCP/Sources/FuseCP.Providers.Web.Apache/ConfigSection.cs","598","/language:csharp-server","https://github.com/FuseCPDevOPS/FuseCP/security/code-scanning/2704"
"2705","cs/path-combine","FuseCP/Sources/FuseCP.Providers.Web.IIS70/IIs70.cs","1053","/language:csharp-server","https://github.com/FuseCPDevOPS/FuseCP/security/code-scanning/2705"
"2706","cs/path-combine","FuseCP/Sources/FuseCP.Providers.Web.IIS70/IIs70.cs","2411","/language:csharp-server","https://github.com/FuseCPDevOPS/FuseCP/security/code-scanning/2706"
"2707","cs/path-combine","FuseCP/Sources/FuseCP.Providers.Web.IIS70/IIs70.cs","2426","/language:csharp-server","https://github.com/FuseCPDevOPS/FuseCP/security/code-scanning/2707"
"2708","cs/path-combine","FuseCP/Sources/FuseCP.Providers.Web.IIS70/IIs70.cs","2432","/language:csharp-server","https://github.com/FuseCPDevOPS/FuseCP/security/code-scanning/2708"
"2709","cs/path-combine","FuseCP/Sources/FuseCP.Providers.Web.IIS70/IIs70.cs","2438","/language:csharp-server","https://github.com/FuseCPDevOPS/FuseCP/security/code-scanning/2709"
"2710","cs/path-combine","FuseCP/Sources/FuseCP.Providers.Web.IIS70/IIs70.cs","2535","/language:csharp-server","https://github.com/FuseCPDevOPS/FuseCP/security/code-scanning/2710"
"2711","cs/path-combine","FuseCP/Sources/FuseCP.Providers.Web.IIS70/IIs70.cs","2541","/language:csharp-server","https://github.com/FuseCPDevOPS/FuseCP/security/code-scanning/2711"
"2712","cs/path-combine","FuseCP/Sources/FuseCP.Providers.Web.IIS70/IIs70.cs","2927","/language:csharp-server","https://github.com/FuseCPDevOPS/FuseCP/security/code-scanning/2712"
"2713","cs/path-combine","FuseCP/Sources/FuseCP.Providers.Web.IIS70/IIs70.cs","2928","/language:csharp-server","https://github.com/FuseCPDevOPS/FuseCP/security/code-scanning/2713"
"2714","cs/path-combine","FuseCP/Sources/FuseCP.Providers.Web.IIS70/IIs70.cs","2973","/language:csharp-server","https://github.com/FuseCPDevOPS/FuseCP/security/code-scanning/2714"
"2715","cs/path-combine","FuseCP/Sources/FuseCP.Providers.Web.IIS70/IIs70.cs","2998","/language:csharp-server","https://github.com/FuseCPDevOPS/FuseCP/security/code-scanning/2715"
"2716","cs/path-combine","FuseCP/Sources/FuseCP.Providers.Web.IIS70/IIs70.cs","3030","/language:csharp-server","https://github.com/FuseCPDevOPS/FuseCP/security/code-scanning/2716"
"2717","cs/path-combine","FuseCP/Sources/FuseCP.Providers.Web.IIS70/IIs70.cs","3069","/language:csharp-server","https://github.com/FuseCPDevOPS/FuseCP/security/code-scanning/2717"
"2718","cs/path-combine","FuseCP/Sources/FuseCP.Providers.Web.IIS70/IIs70.cs","3125","/language:csharp-server","https://github.com/FuseCPDevOPS/FuseCP/security/code-scanning/2718"
"2719","cs/path-combine","FuseCP/Sources/FuseCP.Providers.Web.IIS70/IIs70.cs","3193","/language:csharp-server","https://github.com/FuseCPDevOPS/FuseCP/security/code-scanning/2719"
"2720","cs/path-combine","FuseCP/Sources/FuseCP.Providers.Web.IIS70/IIs70.cs","3216","/language:csharp-server","https://github.com/FuseCPDevOPS/FuseCP/security/code-scanning/2720"
"2721","cs/path-combine","FuseCP/Sources/FuseCP.Providers.Web.IIS70/IIs70.cs","3256","/language:csharp-server","https://github.com/FuseCPDevOPS/FuseCP/security/code-scanning/2721"
"2722","cs/path-combine","FuseCP/Sources/FuseCP.Providers.Web.IIS70/IIs70.cs","3580","/language:csharp-server","https://github.com/FuseCPDevOPS/FuseCP/security/code-scanning/2722"
"2723","cs/path-combine","FuseCP/Sources/FuseCP.Providers.Web.IIS70/IIs70.cs","3989","/language:csharp-server","https://github.com/FuseCPDevOPS/FuseCP/security/code-scanning/2723"
"2724","cs/path-combine","FuseCP/Sources/FuseCP.Providers.Web.IIS70/IIs70.cs","4026","/language:csharp-server","https://github.com/FuseCPDevOPS/FuseCP/security/code-scanning/2724"
"2725","cs/path-combine","FuseCP/Sources/FuseCP.Providers.Web.LetsEncrypt/Program.cs","69","/language:csharp-server","https://github.com/FuseCPDevOPS/FuseCP/security/code-scanning/2725"
"2726","cs/path-combine","FuseCP/Sources/FuseCP.Providers.Web.IIs60/IIs60.cs","985","/language:csharp-server","https://github.com/FuseCPDevOPS/FuseCP/security/code-scanning/2726"
"2727","cs/path-combine","FuseCP/Sources/FuseCP.Providers.Web.IIs60/IIs60.cs","1779","/language:csharp-server","https://github.com/FuseCPDevOPS/FuseCP/security/code-scanning/2727"
"2728","cs/path-combine","FuseCP/Sources/FuseCP.Providers.Web.IIs60/IIs60.cs","1806","/language:csharp-server","https://github.com/FuseCPDevOPS/FuseCP/security/code-scanning/2728"
"2729","cs/path-combine","FuseCP/Sources/FuseCP.Providers.Web.IIs60/IIs60.cs","1829","/language:csharp-server","https://github.com/FuseCPDevOPS/FuseCP/security/code-scanning/2729"
"2730","cs/path-combine","FuseCP/Sources/FuseCP.Providers.Web.IIs60/IIs60.cs","1832","/language:csharp-server","https://github.com/FuseCPDevOPS/FuseCP/security/code-scanning/2730"
"2731","cs/path-combine","FuseCP/Sources/FuseCP.Providers.Web.IIs60/IIs60.cs","2234","/language:csharp-server","https://github.com/FuseCPDevOPS/FuseCP/security/code-scanning/2731"
"2732","cs/path-combine","FuseCP/Sources/FuseCP.Providers.Web.IIs60/IIs60.cs","2259","/language:csharp-server","https://github.com/FuseCPDevOPS/FuseCP/security/code-scanning/2732"
"2733","cs/path-combine","FuseCP/Sources/FuseCP.Providers.Web.IIs60/IIs60.cs","2260","/language:csharp-server","https://github.com/FuseCPDevOPS/FuseCP/security/code-scanning/2733"
"2734","cs/path-combine","FuseCP/Sources/FuseCP.Providers.Web.IIs60/IIs60.cs","2309","/language:csharp-server","https://github.com/FuseCPDevOPS/FuseCP/security/code-scanning/2734"
"2735","cs/path-combine","FuseCP/Sources/FuseCP.Providers.Web.IIs60/IIs60.cs","2310","/language:csharp-server","https://github.com/FuseCPDevOPS/FuseCP/security/code-scanning/2735"
"2736","cs/path-combine","FuseCP/Sources/FuseCP.Providers.Web.IIs60/IIs60.cs","2322","/language:csharp-server","https://github.com/FuseCPDevOPS/FuseCP/security/code-scanning/2736"
"2737","cs/path-combine","FuseCP/Sources/FuseCP.Providers.Web.IIs60/IIs60.cs","2328","/language:csharp-server","https://github.com/FuseCPDevOPS/FuseCP/security/code-scanning/2737"
"2738","cs/path-combine","FuseCP/Sources/FuseCP.Providers.Web.IIs60/IIs60.cs","2373","/language:csharp-server","https://github.com/FuseCPDevOPS/FuseCP/security/code-scanning/2738"
"2739","cs/path-combine","FuseCP/Sources/FuseCP.Providers.Web.IIs60/IIs60.cs","2402","/language:csharp-server","https://github.com/FuseCPDevOPS/FuseCP/security/code-scanning/2739"
"2740","cs/path-combine","FuseCP/Sources/FuseCP.Providers.Web.IIs60/IIs60.cs","2427","/language:csharp-server","https://github.com/FuseCPDevOPS/FuseCP/security/code-scanning/2740"
"2741","cs/path-combine","FuseCP/Sources/FuseCP.Providers.Web.IIs60/IIs60.cs","2459","/language:csharp-server","https://github.com/FuseCPDevOPS/FuseCP/security/code-scanning/2741"
"2742","cs/path-combine","FuseCP/Sources/FuseCP.Providers.Web.IIs60/IIs60.cs","2495","/language:csharp-server","https://github.com/FuseCPDevOPS/FuseCP/security/code-scanning/2742"
"2743","cs/path-combine","FuseCP/Sources/FuseCP.Providers.Web.IIs60/IIs60.cs","2553","/language:csharp-server","https://github.com/FuseCPDevOPS/FuseCP/security/code-scanning/2743"
"2744","cs/path-combine","FuseCP/Sources/FuseCP.Providers.Web.IIs60/IIs60.cs","2621","/language:csharp-server","https://github.com/FuseCPDevOPS/FuseCP/security/code-scanning/2744"
"2745","cs/path-combine","FuseCP/Sources/FuseCP.Providers.Web.IIs60/IIs60.cs","2644","/language:csharp-server","https://github.com/FuseCPDevOPS/FuseCP/security/code-scanning/2745"
"2746","cs/path-combine","FuseCP/Sources/FuseCP.Providers.Web.IIs60/IIs60.cs","2684","/language:csharp-server","https://github.com/FuseCPDevOPS/FuseCP/security/code-scanning/2746"
"2747","cs/path-combine","FuseCP/Sources/FuseCP.Server/Code/AutoDiscoveryHelper.cs","80","/language:csharp-server","https://github.com/FuseCPDevOPS/FuseCP/security/code-scanning/2747"
"2748","cs/path-combine","FuseCP/Sources/FuseCP.Providers.Web.IIs60/IIs60.cs","3433","/language:csharp-server","https://github.com/FuseCPDevOPS/FuseCP/security/code-scanning/2748"
"2749","cs/path-combine","FuseCP/Sources/FuseCP.Providers.Web.IIs60/IIs60.cs","3987","/language:csharp-server","https://github.com/FuseCPDevOPS/FuseCP/security/code-scanning/2749"
"2750","cs/path-combine","FuseCP/Sources/FuseCP.Providers.Web.IIs60/IIs60.cs","4026","/language:csharp-server","https://github.com/FuseCPDevOPS/FuseCP/security/code-scanning/2750"
"2751","cs/path-combine","FuseCP/Sources/FuseCP.Server.Utils/FileUtils.cs","311","/language:csharp-server","https://github.com/FuseCPDevOPS/FuseCP/security/code-scanning/2751"
"2752","cs/path-combine","FuseCP/Sources/FuseCP.Server.Utils/FileUtils.cs","323","/language:csharp-server","https://github.com/FuseCPDevOPS/FuseCP/security/code-scanning/2752"
"2753","cs/path-combine","FuseCP/Sources/FuseCP.Server.Utils/FileUtils.cs","352","/language:csharp-server","https://github.com/FuseCPDevOPS/FuseCP/security/code-scanning/2753"
"2754","cs/path-combine","FuseCP/Sources/FuseCP.Server.Utils/FileUtils.cs","368","/language:csharp-server","https://github.com/FuseCPDevOPS/FuseCP/security/code-scanning/2754"
"2755","cs/path-combine","FuseCP/Sources/FuseCP.Server.Utils/FileUtils.cs","386","/language:csharp-server","https://github.com/FuseCPDevOPS/FuseCP/security/code-scanning/2755"
"2756","cs/path-combine","FuseCP/Sources/FuseCP.Server.Utils/FileUtils.cs","393","/language:csharp-server","https://github.com/FuseCPDevOPS/FuseCP/security/code-scanning/2756"
"2757","cs/path-combine","FuseCP/Sources/FuseCP.Server.Utils/LogParser/LogParser.cs","115","/language:csharp-server","https://github.com/FuseCPDevOPS/FuseCP/security/code-scanning/2757"
"2758","cs/path-combine","FuseCP/Sources/FuseCP.Server.Utils/LogParser/LogParser.cs","158","/language:csharp-server","https://github.com/FuseCPDevOPS/FuseCP/security/code-scanning/2758"
"2759","cs/path-combine","FuseCP/Sources/FuseCP.Server.Utils/LogParser/LogParser.cs","263","/language:csharp-server","https://github.com/FuseCPDevOPS/FuseCP/security/code-scanning/2759"
"2760","cs/path-combine","FuseCP/Sources/FuseCP.Server.Utils/LogParser/LogParser.cs","264","/language:csharp-server","https://github.com/FuseCPDevOPS/FuseCP/security/code-scanning/2760"
"2761","cs/path-combine","FuseCP/Sources/FuseCP.Server.Utils/FileUtils.cs","693","/language:csharp-server","https://github.com/FuseCPDevOPS/FuseCP/security/code-scanning/2761"
"2762","cs/path-combine","FuseCP/Sources/FuseCP.Server.Utils/FileUtils.cs","694","/language:csharp-server","https://github.com/FuseCPDevOPS/FuseCP/security/code-scanning/2762"
"2763","cs/path-combine","FuseCP/Sources/FuseCP.Server.Utils/FileUtils.cs","702","/language:csharp-server","https://github.com/FuseCPDevOPS/FuseCP/security/code-scanning/2763"
"2764","cs/path-combine","FuseCP/Sources/FuseCP.Server.Utils/FileUtils.cs","723","/language:csharp-server","https://github.com/FuseCPDevOPS/FuseCP/security/code-scanning/2764"
"2765","cs/path-combine","FuseCP/Sources/FuseCP.Server.Utils/FileUtils.cs","753","/language:csharp-server","https://github.com/FuseCPDevOPS/FuseCP/security/code-scanning/2765"
"2766","cs/path-combine","FuseCP/Sources/FuseCP.Server.Utils/FileUtils.cs","778","/language:csharp-server","https://github.com/FuseCPDevOPS/FuseCP/security/code-scanning/2766"
"2767","cs/path-combine","FuseCP/Sources/FuseCP.Server.Utils/FileUtils.cs","787","/language:csharp-server","https://github.com/FuseCPDevOPS/FuseCP/security/code-scanning/2767"
"2768","cs/path-combine","FuseCP/Sources/FuseCP.Server.Utils/FileUtils.cs","793","/language:csharp-server","https://github.com/FuseCPDevOPS/FuseCP/security/code-scanning/2768"
"2769","cs/path-combine","FuseCP/Sources/FuseCP.Server.Utils/LogParser/MonthlyStatistics.cs","96","/language:csharp-server","https://github.com/FuseCPDevOPS/FuseCP/security/code-scanning/2769"
"2770","cs/path-combine","FuseCP/Sources/FuseCP.Web.Clients/AssemblyLoader.cs","108","/language:csharp-server","https://github.com/FuseCPDevOPS/FuseCP/security/code-scanning/2770"
"2772","cs/path-combine","FuseCP/Sources/FuseCP.Web.Clients/AssemblyLoader.cs","132","/language:csharp-server","https://github.com/FuseCPDevOPS/FuseCP/security/code-scanning/2772"
"2777","cs/path-combine","FuseCP/Sources/FuseCP.Web.Clients/AssemblyLoader.cs","268","/language:csharp-server","https://github.com/FuseCPDevOPS/FuseCP/security/code-scanning/2777"
"2778","cs/path-combine","FuseCP/Sources/FuseCP.Web.Clients/AssemblyLoader.cs","52","/language:csharp-server","https://github.com/FuseCPDevOPS/FuseCP/security/code-scanning/2778"
"2779","cs/path-combine","FuseCP/Sources/FuseCP.Web.Clients/AssemblyLoader.cs","364","/language:csharp-server","https://github.com/FuseCPDevOPS/FuseCP/security/code-scanning/2779"
"2780","cs/path-combine","FuseCP/Sources/FuseCP.Web.Clients/AssemblyLoader.cs","365","/language:csharp-server","https://github.com/FuseCPDevOPS/FuseCP/security/code-scanning/2780"
"2781","cs/path-combine","FuseCP/Sources/FuseCP.Web.Services/AssemblyLoaderNetCore.cs","60","/language:csharp-server","https://github.com/FuseCPDevOPS/FuseCP/security/code-scanning/2781"
"2782","cs/path-combine","FuseCP/Sources/FuseCP.Web.Services/AssemblyLoaderNetCore.cs","63","/language:csharp-server","https://github.com/FuseCPDevOPS/FuseCP/security/code-scanning/2782"
"9300","cs/path-combine","FuseCP/Sources/FuseCP.Server/Code/Program.cs","106","/language:csharp-server","https://github.com/FuseCPDevOPS/FuseCP/security/code-scanning/9300"
"9304","cs/path-combine","FuseCP/Sources/FuseCP.Server/Code/Program.cs","107","/language:csharp-server","https://github.com/FuseCPDevOPS/FuseCP/security/code-scanning/9304"
"9305","cs/path-combine","FuseCP/Sources/FuseCP.Server/Code/Program.cs","108","/language:csharp-server","https://github.com/FuseCPDevOPS/FuseCP/security/code-scanning/9305"
"9307","cs/path-combine","FuseCP/Sources/FuseCP.Server/Code/Program.cs","109","/language:csharp-server","https://github.com/FuseCPDevOPS/FuseCP/security/code-scanning/9307"
"9308","cs/path-combine","FuseCP/Sources/FuseCP.Server/Code/Program.cs","110","/language:csharp-server","https://github.com/FuseCPDevOPS/FuseCP/security/code-scanning/9308"
"9673","cs/path-combine","FuseCP/Sources/FuseCP.Providers.OS.Unix/ServiceControllers/LaunchdServcieController.cs","39","/language:csharp-server","https://github.com/FuseCPDevOPS/FuseCP/security/code-scanning/9673"
"11308","cs/path-combine","FuseCP/Sources/FuseCP.Web.Clients/AssemblyLoader.cs","121","/language:csharp-server","https://github.com/FuseCPDevOPS/FuseCP/security/code-scanning/11308"
"11309","cs/path-combine","FuseCP/Sources/FuseCP.Web.Clients/AssemblyLoader.cs","261","/language:csharp-server","https://github.com/FuseCPDevOPS/FuseCP/security/code-scanning/11309"
"11310","cs/path-combine","FuseCP/Sources/FuseCP.Web.Clients/AssemblyLoader.cs","261","/language:csharp-server","https://github.com/FuseCPDevOPS/FuseCP/security/code-scanning/11310"
"11311","cs/path-combine","FuseCP/Sources/FuseCP.Web.Clients/AssemblyLoader.cs","266","/language:csharp-server","https://github.com/FuseCPDevOPS/FuseCP/security/code-scanning/11311"
"11312","cs/path-combine","FuseCP/Sources/FuseCP.Web.Clients/AssemblyLoader.cs","266","/language:csharp-server","https://github.com/FuseCPDevOPS/FuseCP/security/code-scanning/11312"
"8528","cs/linq/missed-where","FuseCP/Sources/FuseCP.Providers.Base/OS/WSLShell.cs","67","/language:csharp-server","https://github.com/FuseCPDevOPS/FuseCP/security/code-scanning/8528"
"8529","cs/linq/missed-where","FuseCP/Sources/FuseCP.Providers.Base/Web/WebSite.cs","257","/language:csharp-server","https://github.com/FuseCPDevOPS/FuseCP/security/code-scanning/8529"
"8530","cs/linq/missed-where","FuseCP/Sources/FuseCP.Providers.Base/Web/HtaccessFolder.cs","643","/language:csharp-server","https://github.com/FuseCPDevOPS/FuseCP/security/code-scanning/8530"
"8531","cs/linq/missed-where","FuseCP/Sources/FuseCP.Providers.Database.SqlServer/MsSqlServer2017.cs","33","/language:csharp-server","https://github.com/FuseCPDevOPS/FuseCP/security/code-scanning/8531"
"8532","cs/linq/missed-where","FuseCP/Sources/FuseCP.Providers.Database.SqlServer/MsSqlServer.cs","1000","/language:csharp-server","https://github.com/FuseCPDevOPS/FuseCP/security/code-scanning/8532"
"8533","cs/linq/missed-where","FuseCP/Sources/FuseCP.Providers.Database.SqlServer/MsSqlServer.cs","1008","/language:csharp-server","https://github.com/FuseCPDevOPS/FuseCP/security/code-scanning/8533"
"8534","cs/linq/missed-where","FuseCP/Sources/FuseCP.Providers.Database.SqlServer/MsSqlServer.cs","1034","/language:csharp-server","https://github.com/FuseCPDevOPS/FuseCP/security/code-scanning/8534"
"8535","cs/linq/missed-where","FuseCP/Sources/FuseCP.Providers.Database.SqlServer/MsSqlServer.cs","1042","/language:csharp-server","https://github.com/FuseCPDevOPS/FuseCP/security/code-scanning/8535"
"8536","cs/linq/missed-where","FuseCP/Sources/FuseCP.Providers.Database.SqlServer/MsSqlServer.Legacy.cs","916","/language:csharp-server","https://github.com/FuseCPDevOPS/FuseCP/security/code-scanning/8536"
"8537","cs/linq/missed-where","FuseCP/Sources/FuseCP.Providers.Database.SqlServer/MsSqlServer.Legacy.cs","924","/language:csharp-server","https://github.com/FuseCPDevOPS/FuseCP/security/code-scanning/8537"
"8538","cs/linq/missed-where","FuseCP/Sources/FuseCP.Providers.Database.SqlServer/MsSqlServer.cs","1474","/language:csharp-server","https://github.com/FuseCPDevOPS/FuseCP/security/code-scanning/8538"
"8539","cs/linq/missed-where","FuseCP/Sources/FuseCP.Providers.Database.SqlServer/MsSqlServer.Legacy.cs","950","/language:csharp-server","https://github.com/FuseCPDevOPS/FuseCP/security/code-scanning/8539"
"8540","cs/linq/missed-where","FuseCP/Sources/FuseCP.Providers.Database.SqlServer/MsSqlServer.Legacy.cs","958","/language:csharp-server","https://github.com/FuseCPDevOPS/FuseCP/security/code-scanning/8540"
"8541","cs/linq/missed-where","FuseCP/Sources/FuseCP.Providers.Database.SqlServer/MsSqlServer.Legacy.cs","1275","/language:csharp-server","https://github.com/FuseCPDevOPS/FuseCP/security/code-scanning/8541"
"8542","cs/linq/missed-where","FuseCP/Sources/FuseCP.Server.Utils/LogParser/LogParser.cs","221","/language:csharp-server","https://github.com/FuseCPDevOPS/FuseCP/security/code-scanning/8542"
"8543","cs/linq/missed-where","FuseCP/Sources/FuseCP.Server.Utils/LogParser/LogReader.cs","128","/language:csharp-server","https://github.com/FuseCPDevOPS/FuseCP/security/code-scanning/8543"
"8544","cs/linq/missed-where","FuseCP/Sources/FuseCP.Server.Utils/FileUtils.cs","625","/language:csharp-server","https://github.com/FuseCPDevOPS/FuseCP/security/code-scanning/8544"
"8545","cs/linq/missed-where","FuseCP/Sources/FuseCP.Server.Utils/FileUtils.cs","919","/language:csharp-server","https://github.com/FuseCPDevOPS/FuseCP/security/code-scanning/8545"
"8548","cs/linq/missed-where","FuseCP/Sources/FuseCP.Web.Clients/ClientBase.cs","428","/language:csharp-server","https://github.com/FuseCPDevOPS/FuseCP/security/code-scanning/8548"
"8549","cs/linq/missed-where","FuseCP/Sources/FuseCP.Web.Clients/ClientBase.cs","648","/language:csharp-server","https://github.com/FuseCPDevOPS/FuseCP/security/code-scanning/8549"
"8550","cs/linq/missed-where","FuseCP/Sources/FuseCP.Web.Services/Startup.Core.cs","578","/language:csharp-server","https://github.com/FuseCPDevOPS/FuseCP/security/code-scanning/8550"
"9303","cs/linq/missed-where","FuseCP/Sources/FuseCP.Server/Code/Program.cs","64","/language:csharp-server","https://github.com/FuseCPDevOPS/FuseCP/security/code-scanning/9303"
"10956","cs/linq/missed-where","FuseCP/Sources/FuseCP.Providers.DNS.Bind/IscBind.cs","130","/language:csharp-server","https://github.com/FuseCPDevOPS/FuseCP/security/code-scanning/10956"
"10957","cs/linq/missed-where","FuseCP/Sources/FuseCP.Providers.DNS.Bind/IscBind.cs","236","/language:csharp-server","https://github.com/FuseCPDevOPS/FuseCP/security/code-scanning/10957"
"10958","cs/linq/missed-where","FuseCP/Sources/FuseCP.Providers.DNS.MsDNS/MsDNS.cs","1299","/language:csharp-server","https://github.com/FuseCPDevOPS/FuseCP/security/code-scanning/10958"
"10959","cs/linq/missed-where","FuseCP/Sources/FuseCP.Providers.DNS.Bind/IscBind.cs","391","/language:csharp-server","https://github.com/FuseCPDevOPS/FuseCP/security/code-scanning/10959"
"10960","cs/linq/missed-where","FuseCP/Sources/FuseCP.Providers.DNS.Bind/IscBind.cs","455","/language:csharp-server","https://github.com/FuseCPDevOPS/FuseCP/security/code-scanning/10960"
"10961","cs/linq/missed-where","FuseCP/Sources/FuseCP.Providers.DNS.Bind/IscBind.cs","487","/language:csharp-server","https://github.com/FuseCPDevOPS/FuseCP/security/code-scanning/10961"
"10962","cs/linq/missed-where","FuseCP/Sources/FuseCP.Providers.DNS.Bind/IscBind.cs","517","/language:csharp-server","https://github.com/FuseCPDevOPS/FuseCP/security/code-scanning/10962"
"10963","cs/linq/missed-where","FuseCP/Sources/FuseCP.Providers.DNS.Bind/IscBind.cs","584","/language:csharp-server","https://github.com/FuseCPDevOPS/FuseCP/security/code-scanning/10963"
"10964","cs/linq/missed-where","FuseCP/Sources/FuseCP.Providers.DNS.Bind/IscBind.cs","614","/language:csharp-server","https://github.com/FuseCPDevOPS/FuseCP/security/code-scanning/10964"
"10965","cs/linq/missed-where","FuseCP/Sources/FuseCP.Providers.DNS.Bind/IscBind.cs","671","/language:csharp-server","https://github.com/FuseCPDevOPS/FuseCP/security/code-scanning/10965"
"10966","cs/linq/missed-where","FuseCP/Sources/FuseCP.Providers.DNS.MsDNS2012/DnsCommands.cs","231","/language:csharp-server","https://github.com/FuseCPDevOPS/FuseCP/security/code-scanning/10966"
"10967","cs/linq/missed-where","FuseCP/Sources/FuseCP.Providers.DNS.Bind/IscBind.cs","1117","/language:csharp-server","https://github.com/FuseCPDevOPS/FuseCP/security/code-scanning/10967"
"10968","cs/linq/missed-where","FuseCP/Sources/FuseCP.Providers.DNS.MsDNS2012/MsDNS.cs","271","/language:csharp-server","https://github.com/FuseCPDevOPS/FuseCP/security/code-scanning/10968"
"10969","cs/linq/missed-where","FuseCP/Sources/FuseCP.Providers.DNS.SimpleDNS/SimpleDNS.cs","92","/language:csharp-server","https://github.com/FuseCPDevOPS/FuseCP/security/code-scanning/10969"
"10970","cs/linq/missed-where","FuseCP/Sources/FuseCP.Providers.DNS.SimpleDNS/SimpleDNS.cs","150","/language:csharp-server","https://github.com/FuseCPDevOPS/FuseCP/security/code-scanning/10970"
"10971","cs/linq/missed-where","FuseCP/Sources/FuseCP.Providers.DNS.SimpleDNS/SimpleDNS.cs","314","/language:csharp-server","https://github.com/FuseCPDevOPS/FuseCP/security/code-scanning/10971"
"10972","cs/linq/missed-where","FuseCP/Sources/FuseCP.Providers.DNS.SimpleDNS/SimpleDNS.cs","343","/language:csharp-server","https://github.com/FuseCPDevOPS/FuseCP/security/code-scanning/10972"
"10973","cs/linq/missed-where","FuseCP/Sources/FuseCP.Providers.DNS.SimpleDNS/SimpleDNS.cs","406","/language:csharp-server","https://github.com/FuseCPDevOPS/FuseCP/security/code-scanning/10973"
"10974","cs/linq/missed-where","FuseCP/Sources/FuseCP.Providers.DNS.SimpleDNS/SimpleDNS.cs","436","/language:csharp-server","https://github.com/FuseCPDevOPS/FuseCP/security/code-scanning/10974"
"10975","cs/linq/missed-where","FuseCP/Sources/FuseCP.Providers.DNS.SimpleDNS/SimpleDNS.cs","508","/language:csharp-server","https://github.com/FuseCPDevOPS/FuseCP/security/code-scanning/10975"
"10976","cs/linq/missed-where","FuseCP/Sources/FuseCP.Providers.DNS.SimpleDNS/SimpleDNS.cs","559","/language:csharp-server","https://github.com/FuseCPDevOPS/FuseCP/security/code-scanning/10976"
"10977","cs/linq/missed-where","FuseCP/Sources/FuseCP.Providers.DNS.SimpleDNS/SimpleDNS.cs","733","/language:csharp-server","https://github.com/FuseCPDevOPS/FuseCP/security/code-scanning/10977"
"10978","cs/linq/missed-where","FuseCP/Sources/FuseCP.Providers.DNS.SimpleDNS50/SimpleDNS5.cs","290","/language:csharp-server","https://github.com/FuseCPDevOPS/FuseCP/security/code-scanning/10978"
"10979","cs/linq/missed-where","FuseCP/Sources/FuseCP.Providers.DNS.PowerDNS/PowerDNS.cs","1328","/language:csharp-server","https://github.com/FuseCPDevOPS/FuseCP/security/code-scanning/10979"
"10980","cs/linq/missed-where","FuseCP/Sources/FuseCP.Providers.DNS.SimpleDNS50/SimpleDNS5.cs","465","/language:csharp-server","https://github.com/FuseCPDevOPS/FuseCP/security/code-scanning/10980"
"10981","cs/linq/missed-where","FuseCP/Sources/FuseCP.Providers.DNS.SimpleDNS60/SimpleDNS6.cs","290","/language:csharp-server","https://github.com/FuseCPDevOPS/FuseCP/security/code-scanning/10981"
"10982","cs/linq/missed-where","FuseCP/Sources/FuseCP.Providers.DNS.SimpleDNS60/SimpleDNS6.cs","351","/language:csharp-server","https://github.com/FuseCPDevOPS/FuseCP/security/code-scanning/10982"
"10983","cs/linq/missed-where","FuseCP/Sources/FuseCP.Providers.DNS.SimpleDNS80/SimpleDNS8.cs","413","/language:csharp-server","https://github.com/FuseCPDevOPS/FuseCP/security/code-scanning/10983"
"10984","cs/linq/missed-where","FuseCP/Sources/FuseCP.Providers.DNS.SimpleDNS80/SimpleDNS8.cs","485","/language:csharp-server","https://github.com/FuseCPDevOPS/FuseCP/security/code-scanning/10984"
"10985","cs/linq/missed-where","FuseCP/Sources/FuseCP.Providers.Database.MariaDB/MariaDB101.cs","889","/language:csharp-server","https://github.com/FuseCPDevOPS/FuseCP/security/code-scanning/10985"
"10986","cs/linq/missed-where","FuseCP/Sources/FuseCP.Providers.Database.MariaDB/MariaDB101.cs","938","/language:csharp-server","https://github.com/FuseCPDevOPS/FuseCP/security/code-scanning/10986"
"10987","cs/linq/missed-where","FuseCP/Sources/FuseCP.Providers.DNS.SimpleDNS90/SimpleDNS9.cs","415","/language:csharp-server","https://github.com/FuseCPDevOPS/FuseCP/security/code-scanning/10987"
"10988","cs/linq/missed-where","FuseCP/Sources/FuseCP.Providers.DNS.SimpleDNS90/SimpleDNS9.cs","528","/language:csharp-server","https://github.com/FuseCPDevOPS/FuseCP/security/code-scanning/10988"
"10989","cs/linq/missed-where","FuseCP/Sources/FuseCP.Providers.Database.MySQL/MySqlServer.cs","889","/language:csharp-server","https://github.com/FuseCPDevOPS/FuseCP/security/code-scanning/10989"
"10990","cs/linq/missed-where","FuseCP/Sources/FuseCP.Providers.Database.MySQL/MySqlServer.cs","955","/language:csharp-server","https://github.com/FuseCPDevOPS/FuseCP/security/code-scanning/10990"
"10991","cs/linq/missed-where","FuseCP/Sources/FuseCP.Providers.EnterpriseStorage.Windows2016/Windows2016.cs","494","/language:csharp-server","https://github.com/FuseCPDevOPS/FuseCP/security/code-scanning/10991"
"10992","cs/linq/missed-where","FuseCP/Sources/FuseCP.Providers.EnterpriseStorage.Windows2016/Windows2016.cs","549","/language:csharp-server","https://github.com/FuseCPDevOPS/FuseCP/security/code-scanning/10992"
"10993","cs/linq/missed-where","FuseCP/Sources/FuseCP.Providers.FTP.FileZilla/FileZilla.cs","276","/language:csharp-server","https://github.com/FuseCPDevOPS/FuseCP/security/code-scanning/10993"
"10994","cs/linq/missed-where","FuseCP/Sources/FuseCP.Providers.FTP.FileZilla/FileZilla.cs","297","/language:csharp-server","https://github.com/FuseCPDevOPS/FuseCP/security/code-scanning/10994"
"10995","cs/linq/missed-where","FuseCP/Sources/FuseCP.Providers.FTP.Gene6/Gene6FTP.cs","257","/language:csharp-server","https://github.com/FuseCPDevOPS/FuseCP/security/code-scanning/10995"
"10996","cs/linq/missed-where","FuseCP/Sources/FuseCP.Providers.FTP.Gene6/Gene6FTP.cs","278","/language:csharp-server","https://github.com/FuseCPDevOPS/FuseCP/security/code-scanning/10996"
"10997","cs/linq/missed-where","FuseCP/Sources/FuseCP.Providers.FTP.IIs100/FtpHelper.cs","38","/language:csharp-server","https://github.com/FuseCPDevOPS/FuseCP/security/code-scanning/10997"
"10998","cs/linq/missed-where","FuseCP/Sources/FuseCP.Providers.FTP.IIs100/FtpHelper.cs","166","/language:csharp-server","https://github.com/FuseCPDevOPS/FuseCP/security/code-scanning/10998"
"10999","cs/linq/missed-where","FuseCP/Sources/FuseCP.Providers.FTP.IIs100/SitesHelper.cs","165","/language:csharp-server","https://github.com/FuseCPDevOPS/FuseCP/security/code-scanning/10999"
"11000","cs/linq/missed-where","FuseCP/Sources/FuseCP.Providers.FTP.IIs100/MsFTP100.cs","341","/language:csharp-server","https://github.com/FuseCPDevOPS/FuseCP/security/code-scanning/11000"
"11001","cs/linq/missed-where","FuseCP/Sources/FuseCP.Providers.FTP.IIs100/SitesModuleService.cs","259","/language:csharp-server","https://github.com/FuseCPDevOPS/FuseCP/security/code-scanning/11001"
"11002","cs/linq/missed-where","FuseCP/Sources/FuseCP.Providers.FTP.IIs100/SitesModuleService.cs","471","/language:csharp-server","https://github.com/FuseCPDevOPS/FuseCP/security/code-scanning/11002"
"11003","cs/linq/missed-where","FuseCP/Sources/FuseCP.Providers.FTP.IIs100/SitesModuleService.cs","561","/language:csharp-server","https://github.com/FuseCPDevOPS/FuseCP/security/code-scanning/11003"
"11004","cs/linq/missed-where","FuseCP/Sources/FuseCP.Providers.FTP.IIs100/SitesModuleService.cs","643","/language:csharp-server","https://github.com/FuseCPDevOPS/FuseCP/security/code-scanning/11004"
"11005","cs/linq/missed-where","FuseCP/Sources/FuseCP.Providers.FTP.IIs100/SitesModuleService.cs","671","/language:csharp-server","https://github.com/FuseCPDevOPS/FuseCP/security/code-scanning/11005"
"11006","cs/linq/missed-where","FuseCP/Sources/FuseCP.Providers.FTP.ServU/ServU.cs","303","/language:csharp-server","https://github.com/FuseCPDevOPS/FuseCP/security/code-scanning/11006"
"11007","cs/linq/missed-where","FuseCP/Sources/FuseCP.Providers.FTP.ServU/ServU.cs","324","/language:csharp-server","https://github.com/FuseCPDevOPS/FuseCP/security/code-scanning/11007"
"11008","cs/linq/missed-where","FuseCP/Sources/FuseCP.Providers.FTP.IIs100/MsFTP100.cs","632","/language:csharp-server","https://github.com/FuseCPDevOPS/FuseCP/security/code-scanning/11008"
"11009","cs/linq/missed-where","FuseCP/Sources/FuseCP.Providers.FTP.IIs100/MsFTP100.cs","636","/language:csharp-server","https://github.com/FuseCPDevOPS/FuseCP/security/code-scanning/11009"
"11010","cs/linq/missed-where","FuseCP/Sources/FuseCP.Providers.FTP.IIs100/MsFTP100.cs","788","/language:csharp-server","https://github.com/FuseCPDevOPS/FuseCP/security/code-scanning/11010"
"11011","cs/linq/missed-where","FuseCP/Sources/FuseCP.Providers.FTP.IIs100/MsFTP100.cs","794","/language:csharp-server","https://github.com/FuseCPDevOPS/FuseCP/security/code-scanning/11011"
"11012","cs/linq/missed-where","FuseCP/Sources/FuseCP.Providers.FTP.IIs100/MsFTP100.cs","972","/language:csharp-server","https://github.com/FuseCPDevOPS/FuseCP/security/code-scanning/11012"
"11013","cs/linq/missed-where","FuseCP/Sources/FuseCP.Providers.FTP.IIs100/MsFTP100.cs","993","/language:csharp-server","https://github.com/FuseCPDevOPS/FuseCP/security/code-scanning/11013"
"11014","cs/linq/missed-where","FuseCP/Sources/FuseCP.Providers.FTP.VsFtp/CryptSharp/CrypterEnvironment.cs","127","/language:csharp-server","https://github.com/FuseCPDevOPS/FuseCP/security/code-scanning/11014"
"11015","cs/linq/missed-where","FuseCP/Sources/FuseCP.Providers.FTP.VsFtp/VsFtp3.cs","293","/language:csharp-server","https://github.com/FuseCPDevOPS/FuseCP/security/code-scanning/11015"
"11016","cs/linq/missed-where","FuseCP/Sources/FuseCP.Providers.FTP.VsFtp/VsFtp3.cs","311","/language:csharp-server","https://github.com/FuseCPDevOPS/FuseCP/security/code-scanning/11016"
"11017","cs/linq/missed-where","FuseCP/Sources/FuseCP.Providers.FTP.VsFtp/VsFtp3.cs","340","/language:csharp-server","https://github.com/FuseCPDevOPS/FuseCP/security/code-scanning/11017"
"11018","cs/linq/missed-where","FuseCP/Sources/FuseCP.Providers.HostedSolution/BlackBerry5Provider.cs","339","/language:csharp-server","https://github.com/FuseCPDevOPS/FuseCP/security/code-scanning/11018"
"11019","cs/linq/missed-where","FuseCP/Sources/FuseCP.Providers.HostedSolution/HostedSharePointServer.cs","212","/language:csharp-server","https://github.com/FuseCPDevOPS/FuseCP/security/code-scanning/11019"
"11020","cs/linq/missed-where","FuseCP/Sources/FuseCP.Providers.HostedSolution/HostedSharePointServer.cs","238","/language:csharp-server","https://github.com/FuseCPDevOPS/FuseCP/security/code-scanning/11020"
"11021","cs/linq/missed-where","FuseCP/Sources/FuseCP.Providers.HostedSolution/HostedSharePointServerImpl.cs","339","/language:csharp-server","https://github.com/FuseCPDevOPS/FuseCP/security/code-scanning/11021"
"11022","cs/linq/missed-where","FuseCP/Sources/FuseCP.Providers.HostedSolution/HostedSharePointServerImpl.cs","420","/language:csharp-server","https://github.com/FuseCPDevOPS/FuseCP/security/code-scanning/11022"
"11025","cs/linq/missed-where","FuseCP/Sources/FuseCP.Providers.HostedSolution/Lync2010.cs","1269","/language:csharp-server","https://github.com/FuseCPDevOPS/FuseCP/security/code-scanning/11025"
"11026","cs/linq/missed-where","FuseCP/Sources/FuseCP.Providers.HostedSolution/OrganizationProvider.cs","2286","/language:csharp-server","https://github.com/FuseCPDevOPS/FuseCP/security/code-scanning/11026"
"11029","cs/linq/missed-where","FuseCP/Sources/FuseCP.Providers.HostedSolution/Exchange2007.cs","2892","/language:csharp-server","https://github.com/FuseCPDevOPS/FuseCP/security/code-scanning/11029"
"11030","cs/linq/missed-where","FuseCP/Sources/FuseCP.Providers.HostedSolution/Exchange2007.cs","3919","/language:csharp-server","https://github.com/FuseCPDevOPS/FuseCP/security/code-scanning/11030"
"11031","cs/linq/missed-where","FuseCP/Sources/FuseCP.Providers.HostedSolution/Exchange2007.cs","4230","/language:csharp-server","https://github.com/FuseCPDevOPS/FuseCP/security/code-scanning/11031"
"11032","cs/linq/missed-where","FuseCP/Sources/FuseCP.Providers.HostedSolution/Exchange2007.cs","5032","/language:csharp-server","https://github.com/FuseCPDevOPS/FuseCP/security/code-scanning/11032"
"11035","cs/linq/missed-where","FuseCP/Sources/FuseCP.Providers.HostedSolution.Exchange2013/Exchange2013.cs","3489","/language:csharp-server","https://github.com/FuseCPDevOPS/FuseCP/security/code-scanning/11035"
"11038","cs/linq/missed-where","FuseCP/Sources/FuseCP.Providers.HostedSolution.Exchange2013/Exchange2013.cs","4673","/language:csharp-server","https://github.com/FuseCPDevOPS/FuseCP/security/code-scanning/11038"
"11039","cs/linq/missed-where","FuseCP/Sources/FuseCP.Providers.HostedSolution.Exchange2013/Exchange2013.cs","4989","/language:csharp-server","https://github.com/FuseCPDevOPS/FuseCP/security/code-scanning/11039"
"11040","cs/linq/missed-where","FuseCP/Sources/FuseCP.Providers.HostedSolution.Exchange2016/Exchange2016.cs","3525","/language:csharp-server","https://github.com/FuseCPDevOPS/FuseCP/security/code-scanning/11040"
"11041","cs/linq/missed-where","FuseCP/Sources/FuseCP.Providers.HostedSolution.Exchange2013/Exchange2013.cs","5945","/language:csharp-server","https://github.com/FuseCPDevOPS/FuseCP/security/code-scanning/11041"
"11042","cs/linq/missed-where","FuseCP/Sources/FuseCP.Providers.HostedSolution.Exchange2016/Exchange2016.cs","4708","/language:csharp-server","https://github.com/FuseCPDevOPS/FuseCP/security/code-scanning/11042"
"11043","cs/linq/missed-where","FuseCP/Sources/FuseCP.Providers.HostedSolution.Exchange2019/Exchange2019.cs","3525","/language:csharp-server","https://github.com/FuseCPDevOPS/FuseCP/security/code-scanning/11043"
"11044","cs/linq/missed-where","FuseCP/Sources/FuseCP.Providers.HostedSolution.Exchange2016/Exchange2016.cs","5024","/language:csharp-server","https://github.com/FuseCPDevOPS/FuseCP/security/code-scanning/11044"
"11045","cs/linq/missed-where","FuseCP/Sources/FuseCP.Providers.HostedSolution.Exchange2016/Exchange2016.cs","5979","/language:csharp-server","https://github.com/FuseCPDevOPS/FuseCP/security/code-scanning/11045"
"11046","cs/linq/missed-where","FuseCP/Sources/FuseCP.Providers.HostedSolution.Exchange2019/Exchange2019.cs","4708","/language:csharp-server","https://github.com/FuseCPDevOPS/FuseCP/security/code-scanning/11046"
"11047","cs/linq/missed-where","FuseCP/Sources/FuseCP.Providers.HostedSolution.Exchange2019/Exchange2019.cs","5024","/language:csharp-server","https://github.com/FuseCPDevOPS/FuseCP/security/code-scanning/11047"
"11048","cs/linq/missed-where","FuseCP/Sources/FuseCP.Providers.HostedSolution.Exchange2019/Exchange2019.cs","5979","/language:csharp-server","https://github.com/FuseCPDevOPS/FuseCP/security/code-scanning/11048"
"11049","cs/linq/missed-where","FuseCP/Sources/FuseCP.Providers.HostedSolution.Lync2013HP/Lync2013HP.cs","1274","/language:csharp-server","https://github.com/FuseCPDevOPS/FuseCP/security/code-scanning/11049"
"11050","cs/linq/missed-where","FuseCP/Sources/FuseCP.Providers.HostedSolution.SharePoint2013/HostedSharePointServer2013.cs","243","/language:csharp-server","https://github.com/FuseCPDevOPS/FuseCP/security/code-scanning/11050"
"11051","cs/linq/missed-where","FuseCP/Sources/FuseCP.Providers.HostedSolution.SharePoint2013Ent/HostedSharePointServer2013Ent.cs","243","/language:csharp-server","https://github.com/FuseCPDevOPS/FuseCP/security/code-scanning/11051"
"11052","cs/linq/missed-where","FuseCP/Sources/FuseCP.Providers.HostedSolution.SharePoint2013/HostedSharePointServer2013Impl.cs","780","/language:csharp-server","https://github.com/FuseCPDevOPS/FuseCP/security/code-scanning/11052"
"11053","cs/linq/missed-where","FuseCP/Sources/FuseCP.Providers.HostedSolution.SharePoint2013Ent/HostedSharePointServer2013EntImpl.cs","780","/language:csharp-server","https://github.com/FuseCPDevOPS/FuseCP/security/code-scanning/11053"
"11054","cs/linq/missed-where","FuseCP/Sources/FuseCP.Providers.HostedSolution.SharePoint2016/HostedSharePointServer2016.cs","243","/language:csharp-server","https://github.com/FuseCPDevOPS/FuseCP/security/code-scanning/11054"
"11055","cs/linq/missed-where","FuseCP/Sources/FuseCP.Providers.HostedSolution.SharePoint2016Ent/HostedSharePointServer2016Ent.cs","243","/language:csharp-server","https://github.com/FuseCPDevOPS/FuseCP/security/code-scanning/11055"
"11056","cs/linq/missed-where","FuseCP/Sources/FuseCP.Providers.HostedSolution.SharePoint2016/HostedSharePointServer2016Impl.cs","780","/language:csharp-server","https://github.com/FuseCPDevOPS/FuseCP/security/code-scanning/11056"
"11057","cs/linq/missed-where","FuseCP/Sources/FuseCP.Providers.HostedSolution.SharePoint2019/HostedSharePointServer2019.cs","243","/language:csharp-server","https://github.com/FuseCPDevOPS/FuseCP/security/code-scanning/11057"
"11058","cs/linq/missed-where","FuseCP/Sources/FuseCP.Providers.HostedSolution.SharePoint2019/HostedSharePointServer2019Impl.cs","780","/language:csharp-server","https://github.com/FuseCPDevOPS/FuseCP/security/code-scanning/11058"
"11059","cs/linq/missed-where","FuseCP/Sources/FuseCP.Providers.Mail.AbilityMailServer/AMSHelper.cs","97","/language:csharp-server","https://github.com/FuseCPDevOPS/FuseCP/security/code-scanning/11059"
"11060","cs/linq/missed-where","FuseCP/Sources/FuseCP.Providers.HostedSolution.SharePoint2016Ent/HostedSharePointServer2016EntImpl.cs","780","/language:csharp-server","https://github.com/FuseCPDevOPS/FuseCP/security/code-scanning/11060"
"11061","cs/linq/missed-where","FuseCP/Sources/FuseCP.Providers.Mail.AbilityMailServer/AmsDomain.cs","71","/language:csharp-server","https://github.com/FuseCPDevOPS/FuseCP/security/code-scanning/11061"
"11062","cs/linq/missed-where","FuseCP/Sources/FuseCP.Providers.Mail.AbilityMailServer/AmsDomain.cs","84","/language:csharp-server","https://github.com/FuseCPDevOPS/FuseCP/security/code-scanning/11062"
"11063","cs/linq/missed-where","FuseCP/Sources/FuseCP.Providers.Mail.AbilityMailServer/AmsDomain.cs","109","/language:csharp-server","https://github.com/FuseCPDevOPS/FuseCP/security/code-scanning/11063"
"11064","cs/linq/missed-where","FuseCP/Sources/FuseCP.Providers.Mail.AbilityMailServer/AmsDomain.cs","122","/language:csharp-server","https://github.com/FuseCPDevOPS/FuseCP/security/code-scanning/11064"
"11065","cs/linq/missed-where","FuseCP/Sources/FuseCP.Providers.Mail.AbilityMailServer/AbilityMailServer.cs","458","/language:csharp-server","https://github.com/FuseCPDevOPS/FuseCP/security/code-scanning/11065"
"11066","cs/linq/missed-where","FuseCP/Sources/FuseCP.Providers.Mail.AbilityMailServer/AbilityMailServer.cs","477","/language:csharp-server","https://github.com/FuseCPDevOPS/FuseCP/security/code-scanning/11066"
"11067","cs/linq/missed-where","FuseCP/Sources/FuseCP.Providers.Mail.SmarterMail10/SmarterMail10.cs","139","/language:csharp-server","https://github.com/FuseCPDevOPS/FuseCP/security/code-scanning/11067"
"11068","cs/linq/missed-where","FuseCP/Sources/FuseCP.Providers.Mail.SmarterMail10/SmarterMail10.cs","163","/language:csharp-server","https://github.com/FuseCPDevOPS/FuseCP/security/code-scanning/11068"
"11069","cs/linq/missed-where","FuseCP/Sources/FuseCP.Providers.Mail.SmarterMail10/SmarterMail10.cs","185","/language:csharp-server","https://github.com/FuseCPDevOPS/FuseCP/security/code-scanning/11069"
"11070","cs/linq/missed-where","FuseCP/Sources/FuseCP.Providers.Mail.SmarterMail10/SmarterMail10.cs","709","/language:csharp-server","https://github.com/FuseCPDevOPS/FuseCP/security/code-scanning/11070"
"11071","cs/linq/missed-where","FuseCP/Sources/FuseCP.Providers.Mail.SmarterMail10/SmarterMail10.cs","1046","/language:csharp-server","https://github.com/FuseCPDevOPS/FuseCP/security/code-scanning/11071"
"11072","cs/linq/missed-where","FuseCP/Sources/FuseCP.Providers.Mail.SmarterMail100/SmarterMail100.cs","623","/language:csharp-server","https://github.com/FuseCPDevOPS/FuseCP/security/code-scanning/11072"
"11073","cs/linq/missed-where","FuseCP/Sources/FuseCP.Providers.Mail.SmarterMail10/SmarterMail10.cs","1119","/language:csharp-server","https://github.com/FuseCPDevOPS/FuseCP/security/code-scanning/11073"
"11074","cs/linq/missed-where","FuseCP/Sources/FuseCP.Providers.Mail.SmarterMail100/SmarterMail100.cs","835","/language:csharp-server","https://github.com/FuseCPDevOPS/FuseCP/security/code-scanning/11074"
"11075","cs/linq/missed-where","FuseCP/Sources/FuseCP.Providers.Mail.SmarterMail100/SmarterMail100.cs","859","/language:csharp-server","https://github.com/FuseCPDevOPS/FuseCP/security/code-scanning/11075"
"11076","cs/linq/missed-where","FuseCP/Sources/FuseCP.Providers.Mail.SmarterMail10/SmarterMail10.cs","1336","/language:csharp-server","https://github.com/FuseCPDevOPS/FuseCP/security/code-scanning/11076"
"11077","cs/linq/missed-where","FuseCP/Sources/FuseCP.Providers.Mail.SmarterMail100/SmarterMail100.cs","887","/language:csharp-server","https://github.com/FuseCPDevOPS/FuseCP/security/code-scanning/11077"
"11078","cs/linq/missed-where","FuseCP/Sources/FuseCP.Providers.Mail.SmarterMail10/SmarterMail10.cs","1504","/language:csharp-server","https://github.com/FuseCPDevOPS/FuseCP/security/code-scanning/11078"
"11079","cs/linq/missed-where","FuseCP/Sources/FuseCP.Providers.Mail.SmarterMail10/SmarterMail10.cs","1626","/language:csharp-server","https://github.com/FuseCPDevOPS/FuseCP/security/code-scanning/11079"
"11080","cs/linq/missed-where","FuseCP/Sources/FuseCP.Providers.Mail.SmarterMail100/SmarterMail100.cs","2490","/language:csharp-server","https://github.com/FuseCPDevOPS/FuseCP/security/code-scanning/11080"
"11081","cs/linq/missed-where","FuseCP/Sources/FuseCP.Providers.Mail.SmarterMail2/SmarterMail2.cs","539","/language:csharp-server","https://github.com/FuseCPDevOPS/FuseCP/security/code-scanning/11081"
"11082","cs/linq/missed-where","FuseCP/Sources/FuseCP.Providers.Mail.SmarterMail2/SmarterMail2.cs","791","/language:csharp-server","https://github.com/FuseCPDevOPS/FuseCP/security/code-scanning/11082"
"11083","cs/linq/missed-where","FuseCP/Sources/FuseCP.Providers.Mail.SmarterMail2/SmarterMail2.cs","862","/language:csharp-server","https://github.com/FuseCPDevOPS/FuseCP/security/code-scanning/11083"
"11084","cs/linq/missed-where","FuseCP/Sources/FuseCP.Providers.Mail.SmarterMail2/SmarterMail2.cs","1067","/language:csharp-server","https://github.com/FuseCPDevOPS/FuseCP/security/code-scanning/11084"
"11085","cs/linq/missed-where","FuseCP/Sources/FuseCP.Providers.Mail.SmarterMail2/SmarterMail2.cs","1373","/language:csharp-server","https://github.com/FuseCPDevOPS/FuseCP/security/code-scanning/11085"
"11086","cs/linq/missed-where","FuseCP/Sources/FuseCP.Providers.Mail.SmarterMail2/SmarterMail2.cs","1397","/language:csharp-server","https://github.com/FuseCPDevOPS/FuseCP/security/code-scanning/11086"
"11087","cs/linq/missed-where","FuseCP/Sources/FuseCP.Providers.Mail.SmarterMail2/SmarterMail2.cs","1419","/language:csharp-server","https://github.com/FuseCPDevOPS/FuseCP/security/code-scanning/11087"
"11088","cs/linq/missed-where","FuseCP/Sources/FuseCP.Providers.Mail.SmarterMail3/SmarterMail3.cs","237","/language:csharp-server","https://github.com/FuseCPDevOPS/FuseCP/security/code-scanning/11088"
"11089","cs/linq/missed-where","FuseCP/Sources/FuseCP.Providers.Mail.SmarterMail5/SmarterMail5.cs","621","/language:csharp-server","https://github.com/FuseCPDevOPS/FuseCP/security/code-scanning/11089"
"11090","cs/linq/missed-where","FuseCP/Sources/FuseCP.Providers.Mail.SmarterMail5/SmarterMail5.cs","693","/language:csharp-server","https://github.com/FuseCPDevOPS/FuseCP/security/code-scanning/11090"
"11091","cs/linq/missed-where","FuseCP/Sources/FuseCP.Providers.Mail.SmarterMail5/SmarterMail5.cs","849","/language:csharp-server","https://github.com/FuseCPDevOPS/FuseCP/security/code-scanning/11091"
"11092","cs/linq/missed-where","FuseCP/Sources/FuseCP.Providers.Mail.SmarterMail5/SmarterMail5.cs","982","/language:csharp-server","https://github.com/FuseCPDevOPS/FuseCP/security/code-scanning/11092"
"11093","cs/linq/missed-where","FuseCP/Sources/FuseCP.Providers.Mail.SmarterMail5/SmarterMail5.cs","1291","/language:csharp-server","https://github.com/FuseCPDevOPS/FuseCP/security/code-scanning/11093"
"11094","cs/linq/missed-where","FuseCP/Sources/FuseCP.Providers.Mail.SmarterMail5/SmarterMail5.cs","1508","/language:csharp-server","https://github.com/FuseCPDevOPS/FuseCP/security/code-scanning/11094"
"11095","cs/linq/missed-where","FuseCP/Sources/FuseCP.Providers.Mail.SmarterMail5/SmarterMail5.cs","1532","/language:csharp-server","https://github.com/FuseCPDevOPS/FuseCP/security/code-scanning/11095"
"11096","cs/linq/missed-where","FuseCP/Sources/FuseCP.Providers.Mail.SmarterMail5/SmarterMail5.cs","1554","/language:csharp-server","https://github.com/FuseCPDevOPS/FuseCP/security/code-scanning/11096"
"11097","cs/linq/missed-where","FuseCP/Sources/FuseCP.Providers.Mail.SmarterMail6/SmarterMail6.cs","138","/language:csharp-server","https://github.com/FuseCPDevOPS/FuseCP/security/code-scanning/11097"
"11098","cs/linq/missed-where","FuseCP/Sources/FuseCP.Providers.Mail.SmarterMail6/SmarterMail6.cs","162","/language:csharp-server","https://github.com/FuseCPDevOPS/FuseCP/security/code-scanning/11098"
"11099","cs/linq/missed-where","FuseCP/Sources/FuseCP.Providers.Mail.SmarterMail6/SmarterMail6.cs","184","/language:csharp-server","https://github.com/FuseCPDevOPS/FuseCP/security/code-scanning/11099"
"11100","cs/linq/missed-where","FuseCP/Sources/FuseCP.Providers.Mail.SmarterMail6/SmarterMail6.cs","706","/language:csharp-server","https://github.com/FuseCPDevOPS/FuseCP/security/code-scanning/11100"
"11101","cs/linq/missed-where","FuseCP/Sources/FuseCP.Providers.Mail.SmarterMail6/SmarterMail6.cs","1043","/language:csharp-server","https://github.com/FuseCPDevOPS/FuseCP/security/code-scanning/11101"
"11102","cs/linq/missed-where","FuseCP/Sources/FuseCP.Providers.Mail.SmarterMail6/SmarterMail6.cs","1116","/language:csharp-server","https://github.com/FuseCPDevOPS/FuseCP/security/code-scanning/11102"
"11103","cs/linq/missed-where","FuseCP/Sources/FuseCP.Providers.Mail.SmarterMail6/SmarterMail6.cs","1340","/language:csharp-server","https://github.com/FuseCPDevOPS/FuseCP/security/code-scanning/11103"
"11104","cs/linq/missed-where","FuseCP/Sources/FuseCP.Providers.Mail.SmarterMail6/SmarterMail6.cs","1494","/language:csharp-server","https://github.com/FuseCPDevOPS/FuseCP/security/code-scanning/11104"
"11105","cs/linq/missed-where","FuseCP/Sources/FuseCP.Providers.Mail.SmarterMail6/SmarterMail6.cs","1616","/language:csharp-server","https://github.com/FuseCPDevOPS/FuseCP/security/code-scanning/11105"
"11106","cs/linq/missed-where","FuseCP/Sources/FuseCP.Providers.Mail.SmarterMail7/SmarterMail7.cs","138","/language:csharp-server","https://github.com/FuseCPDevOPS/FuseCP/security/code-scanning/11106"
"11107","cs/linq/missed-where","FuseCP/Sources/FuseCP.Providers.Mail.SmarterMail7/SmarterMail7.cs","162","/language:csharp-server","https://github.com/FuseCPDevOPS/FuseCP/security/code-scanning/11107"
"11108","cs/linq/missed-where","FuseCP/Sources/FuseCP.Providers.Mail.SmarterMail7/SmarterMail7.cs","184","/language:csharp-server","https://github.com/FuseCPDevOPS/FuseCP/security/code-scanning/11108"
"11109","cs/linq/missed-where","FuseCP/Sources/FuseCP.Providers.Mail.SmarterMail7/SmarterMail7.cs","705","/language:csharp-server","https://github.com/FuseCPDevOPS/FuseCP/security/code-scanning/11109"
"11110","cs/linq/missed-where","FuseCP/Sources/FuseCP.Providers.Mail.SmarterMail7/SmarterMail7.cs","1042","/language:csharp-server","https://github.com/FuseCPDevOPS/FuseCP/security/code-scanning/11110"
"11111","cs/linq/missed-where","FuseCP/Sources/FuseCP.Providers.Mail.SmarterMail7/SmarterMail7.cs","1115","/language:csharp-server","https://github.com/FuseCPDevOPS/FuseCP/security/code-scanning/11111"
"11112","cs/linq/missed-where","FuseCP/Sources/FuseCP.Providers.Mail.SmarterMail7/SmarterMail7.cs","1312","/language:csharp-server","https://github.com/FuseCPDevOPS/FuseCP/security/code-scanning/11112"
"11113","cs/linq/missed-where","FuseCP/Sources/FuseCP.Providers.Mail.SmarterMail7/SmarterMail7.cs","1466","/language:csharp-server","https://github.com/FuseCPDevOPS/FuseCP/security/code-scanning/11113"
"11114","cs/linq/missed-where","FuseCP/Sources/FuseCP.Providers.Mail.SmarterMail7/SmarterMail7.cs","1588","/language:csharp-server","https://github.com/FuseCPDevOPS/FuseCP/security/code-scanning/11114"
"11115","cs/linq/missed-where","FuseCP/Sources/FuseCP.Providers.Mail.SmarterMail9/SmarterMail9.cs","138","/language:csharp-server","https://github.com/FuseCPDevOPS/FuseCP/security/code-scanning/11115"
"11116","cs/linq/missed-where","FuseCP/Sources/FuseCP.Providers.Mail.SmarterMail9/SmarterMail9.cs","162","/language:csharp-server","https://github.com/FuseCPDevOPS/FuseCP/security/code-scanning/11116"
"11117","cs/linq/missed-where","FuseCP/Sources/FuseCP.Providers.Mail.SmarterMail9/SmarterMail9.cs","184","/language:csharp-server","https://github.com/FuseCPDevOPS/FuseCP/security/code-scanning/11117"
"11118","cs/linq/missed-where","FuseCP/Sources/FuseCP.Providers.Mail.SmarterMail9/SmarterMail9.cs","709","/language:csharp-server","https://github.com/FuseCPDevOPS/FuseCP/security/code-scanning/11118"
"11119","cs/linq/missed-where","FuseCP/Sources/FuseCP.Providers.Mail.SmarterMail9/SmarterMail9.cs","1046","/language:csharp-server","https://github.com/FuseCPDevOPS/FuseCP/security/code-scanning/11119"
"11120","cs/linq/missed-where","FuseCP/Sources/FuseCP.Providers.Mail.SmarterMail9/SmarterMail9.cs","1119","/language:csharp-server","https://github.com/FuseCPDevOPS/FuseCP/security/code-scanning/11120"
"11121","cs/linq/missed-where","FuseCP/Sources/FuseCP.Providers.Mail.SmarterMail9/SmarterMail9.cs","1316","/language:csharp-server","https://github.com/FuseCPDevOPS/FuseCP/security/code-scanning/11121"
"11122","cs/linq/missed-where","FuseCP/Sources/FuseCP.Providers.Mail.SmarterMail9/SmarterMail9.cs","1484","/language:csharp-server","https://github.com/FuseCPDevOPS/FuseCP/security/code-scanning/11122"
"11123","cs/linq/missed-where","FuseCP/Sources/FuseCP.Providers.Mail.SmarterMail9/SmarterMail9.cs","1606","/language:csharp-server","https://github.com/FuseCPDevOPS/FuseCP/security/code-scanning/11123"
"11124","cs/linq/missed-where","FuseCP/Sources/FuseCP.Providers.OS.Unix/Unix.cs","244","/language:csharp-server","https://github.com/FuseCPDevOPS/FuseCP/security/code-scanning/11124"
"11125","cs/linq/missed-where","FuseCP/Sources/FuseCP.Providers.OS.Unix/Unix.cs","449","/language:csharp-server","https://github.com/FuseCPDevOPS/FuseCP/security/code-scanning/11125"
"11126","cs/linq/missed-where","FuseCP/Sources/FuseCP.Providers.OS.Unix/Unix.cs","499","/language:csharp-server","https://github.com/FuseCPDevOPS/FuseCP/security/code-scanning/11126"
"11127","cs/linq/missed-where","FuseCP/Sources/FuseCP.Providers.OS.Unix/Unix.cs","543","/language:csharp-server","https://github.com/FuseCPDevOPS/FuseCP/security/code-scanning/11127"
"11128","cs/linq/missed-where","FuseCP/Sources/FuseCP.Providers.OS.Unix/Unix.cs","799","/language:csharp-server","https://github.com/FuseCPDevOPS/FuseCP/security/code-scanning/11128"
"11129","cs/linq/missed-where","FuseCP/Sources/FuseCP.Providers.OS.Windows2016/Windows2016.cs","441","/language:csharp-server","https://github.com/FuseCPDevOPS/FuseCP/security/code-scanning/11129"
"11130","cs/linq/missed-where","FuseCP/Sources/FuseCP.Providers.OS.Windows2016/Windows2016.cs","561","/language:csharp-server","https://github.com/FuseCPDevOPS/FuseCP/security/code-scanning/11130"
"11131","cs/linq/missed-where","FuseCP/Sources/FuseCP.Providers.OS.Windows2016/Windows2016.cs","836","/language:csharp-server","https://github.com/FuseCPDevOPS/FuseCP/security/code-scanning/11131"
"11132","cs/linq/missed-where","FuseCP/Sources/FuseCP.Providers.OS.Windows2016/Windows2016.cs","849","/language:csharp-server","https://github.com/FuseCPDevOPS/FuseCP/security/code-scanning/11132"
"11133","cs/linq/missed-where","FuseCP/Sources/FuseCP.Providers.OS.Windows2016/Windows2016.cs","1159","/language:csharp-server","https://github.com/FuseCPDevOPS/FuseCP/security/code-scanning/11133"
"11134","cs/linq/missed-where","FuseCP/Sources/FuseCP.Providers.OS.Windows2016/Windows2016.cs","1221","/language:csharp-server","https://github.com/FuseCPDevOPS/FuseCP/security/code-scanning/11134"
"11135","cs/linq/missed-where","FuseCP/Sources/FuseCP.Providers.Statistics.AWStats/AWStats.cs","192","/language:csharp-server","https://github.com/FuseCPDevOPS/FuseCP/security/code-scanning/11135"
"11136","cs/linq/missed-where","FuseCP/Sources/FuseCP.Providers.Statistics.AWStats/AWStats.cs","291","/language:csharp-server","https://github.com/FuseCPDevOPS/FuseCP/security/code-scanning/11136"
"11137","cs/linq/missed-where","FuseCP/Sources/FuseCP.Providers.Statistics.SmarterStats/SmarterStats.cs","141","/language:csharp-server","https://github.com/FuseCPDevOPS/FuseCP/security/code-scanning/11137"
"11138","cs/linq/missed-where","FuseCP/Sources/FuseCP.Providers.Statistics.SmarterStats/SmarterStats.cs","247","/language:csharp-server","https://github.com/FuseCPDevOPS/FuseCP/security/code-scanning/11138"
"11139","cs/linq/missed-where","FuseCP/Sources/FuseCP.Providers.Statistics.SmarterStats/SmarterStats.cs","325","/language:csharp-server","https://github.com/FuseCPDevOPS/FuseCP/security/code-scanning/11139"
"11140","cs/linq/missed-where","FuseCP/Sources/FuseCP.Providers.Statistics.SmarterStats/SmarterStats.cs","350","/language:csharp-server","https://github.com/FuseCPDevOPS/FuseCP/security/code-scanning/11140"
"11141","cs/linq/missed-where","FuseCP/Sources/FuseCP.Providers.StorageSpaces.Windows2016/Windows2016.cs","567","/language:csharp-server","https://github.com/FuseCPDevOPS/FuseCP/security/code-scanning/11141"
"11142","cs/linq/missed-where","FuseCP/Sources/FuseCP.Providers.TerminalServices.Windows2012/RdsRunspaceExtensions.cs","146","/language:csharp-server","https://github.com/FuseCPDevOPS/FuseCP/security/code-scanning/11142"
"11143","cs/linq/missed-where","FuseCP/Sources/FuseCP.Providers.TerminalServices.Windows2012/Windows2012.cs","264","/language:csharp-server","https://github.com/FuseCPDevOPS/FuseCP/security/code-scanning/11143"
"11144","cs/linq/missed-where","FuseCP/Sources/FuseCP.Providers.TerminalServices.Windows2012/Windows2012.cs","302","/language:csharp-server","https://github.com/FuseCPDevOPS/FuseCP/security/code-scanning/11144"
"11145","cs/linq/missed-where","FuseCP/Sources/FuseCP.Providers.TerminalServices.Windows2012/Windows2012.cs","416","/language:csharp-server","https://github.com/FuseCPDevOPS/FuseCP/security/code-scanning/11145"
"11146","cs/linq/missed-where","FuseCP/Sources/FuseCP.Providers.TerminalServices.Windows2012/Windows2012.cs","2850","/language:csharp-server","https://github.com/FuseCPDevOPS/FuseCP/security/code-scanning/11146"
"11147","cs/linq/missed-where","FuseCP/Sources/FuseCP.Providers.Virtualization.HyperV/HyperV.cs","1738","/language:csharp-server","https://github.com/FuseCPDevOPS/FuseCP/security/code-scanning/11147"
"11148","cs/linq/missed-where","FuseCP/Sources/FuseCP.Providers.Virtualization.HyperV/HyperV.cs","1905","/language:csharp-server","https://github.com/FuseCPDevOPS/FuseCP/security/code-scanning/11148"
"11149","cs/linq/missed-where","FuseCP/Sources/FuseCP.Providers.Virtualization.HyperV-2012R2/Helpers/VdsHelper.cs","78","/language:csharp-server","https://github.com/FuseCPDevOPS/FuseCP/security/code-scanning/11149"
"11150","cs/linq/missed-where","FuseCP/Sources/FuseCP.Providers.Virtualization.HyperV-2012R2/Helpers/VdsHelper.cs","233","/language:csharp-server","https://github.com/FuseCPDevOPS/FuseCP/security/code-scanning/11150"
"11151","cs/linq/missed-where","FuseCP/Sources/FuseCP.Providers.Virtualization.HyperV-2012R2/HyperV2012R2.cs","2187","/language:csharp-server","https://github.com/FuseCPDevOPS/FuseCP/security/code-scanning/11151"
"11152","cs/linq/missed-where","FuseCP/Sources/FuseCP.Providers.Virtualization.Proxmox/ApiClient.cs","317","/language:csharp-server","https://github.com/FuseCPDevOPS/FuseCP/security/code-scanning/11152"
"11153","cs/linq/missed-where","FuseCP/Sources/FuseCP.Providers.Virtualization.HyperV-vmm/HyperVvmm.cs","1312","/language:csharp-server","https://github.com/FuseCPDevOPS/FuseCP/security/code-scanning/11153"
"11154","cs/linq/missed-where","FuseCP/Sources/FuseCP.Providers.Virtualization.HyperV-vmm/HyperVvmm.cs","1467","/language:csharp-server","https://github.com/FuseCPDevOPS/FuseCP/security/code-scanning/11154"
"11155","cs/linq/missed-where","FuseCP/Sources/FuseCP.Providers.Web.Apache/Apache24.cs","913","/language:csharp-server","https://github.com/FuseCPDevOPS/FuseCP/security/code-scanning/11155"
"11156","cs/linq/missed-where","FuseCP/Sources/FuseCP.Providers.Web.Apache/ConfigSection.cs","608","/language:csharp-server","https://github.com/FuseCPDevOPS/FuseCP/security/code-scanning/11156"
"11157","cs/linq/missed-where","FuseCP/Sources/FuseCP.Providers.Virtualization.Proxmox/Proxmoxvps.cs","1356","/language:csharp-server","https://github.com/FuseCPDevOPS/FuseCP/security/code-scanning/11157"
"11158","cs/linq/missed-where","FuseCP/Sources/FuseCP.Providers.Virtualization.Proxmox/Proxmoxvps.cs","2092","/language:csharp-server","https://github.com/FuseCPDevOPS/FuseCP/security/code-scanning/11158"
"11159","cs/linq/missed-where","FuseCP/Sources/FuseCP.Providers.Web.IIS70/DefaultDocuments/DefaultDocumentModuleService.cs","107","/language:csharp-server","https://github.com/FuseCPDevOPS/FuseCP/security/code-scanning/11159"
"11160","cs/linq/missed-where","FuseCP/Sources/FuseCP.Providers.Web.IIS70/Delegation/DelegationRulesModuleService.cs","45","/language:csharp-server","https://github.com/FuseCPDevOPS/FuseCP/security/code-scanning/11160"
"11161","cs/linq/missed-where","FuseCP/Sources/FuseCP.Providers.Web.IIS70/Delegation/DelegationRulesModuleService.cs","53","/language:csharp-server","https://github.com/FuseCPDevOPS/FuseCP/security/code-scanning/11161"
"11162","cs/linq/missed-where","FuseCP/Sources/FuseCP.Providers.Web.IIS70/Delegation/DelegationRulesModuleService.cs","107","/language:csharp-server","https://github.com/FuseCPDevOPS/FuseCP/security/code-scanning/11162"
"11163","cs/linq/missed-where","FuseCP/Sources/FuseCP.Providers.Web.IIS70/Delegation/DelegationRulesModuleService.cs","113","/language:csharp-server","https://github.com/FuseCPDevOPS/FuseCP/security/code-scanning/11163"
"11164","cs/linq/missed-where","FuseCP/Sources/FuseCP.Providers.Web.IIS70/Delegation/DelegationRulesModuleService.cs","150","/language:csharp-server","https://github.com/FuseCPDevOPS/FuseCP/security/code-scanning/11164"
"11165","cs/linq/missed-where","FuseCP/Sources/FuseCP.Providers.Web.IIS70/Delegation/DelegationRulesModuleService.cs","183","/language:csharp-server","https://github.com/FuseCPDevOPS/FuseCP/security/code-scanning/11165"
"11166","cs/linq/missed-where","FuseCP/Sources/FuseCP.Providers.Web.IIS70/Delegation/DelegationRulesModuleService.cs","261","/language:csharp-server","https://github.com/FuseCPDevOPS/FuseCP/security/code-scanning/11166"
"11167","cs/linq/missed-where","FuseCP/Sources/FuseCP.Providers.Web.IIS70/WebObjects/WebObjectsModuleService.cs","533","/language:csharp-server","https://github.com/FuseCPDevOPS/FuseCP/security/code-scanning/11167"
"11168","cs/linq/missed-where","FuseCP/Sources/FuseCP.Providers.Web.IIS70/WebObjects/WebObjectsModuleService.cs","678","/language:csharp-server","https://github.com/FuseCPDevOPS/FuseCP/security/code-scanning/11168"
"11169","cs/linq/missed-where","FuseCP/Sources/FuseCP.Providers.Web.IIS70/WebObjects/WebObjectsModuleService.cs","812","/language:csharp-server","https://github.com/FuseCPDevOPS/FuseCP/security/code-scanning/11169"
"11170","cs/linq/missed-where","FuseCP/Sources/FuseCP.Providers.Web.IIS70/IIs70.cs","821","/language:csharp-server","https://github.com/FuseCPDevOPS/FuseCP/security/code-scanning/11170"
"11171","cs/linq/missed-where","FuseCP/Sources/FuseCP.Providers.Web.IIS70/IIs70.cs","838","/language:csharp-server","https://github.com/FuseCPDevOPS/FuseCP/security/code-scanning/11171"
"11172","cs/linq/missed-where","FuseCP/Sources/FuseCP.Providers.Web.IIS70/IIs70.cs","1726","/language:csharp-server","https://github.com/FuseCPDevOPS/FuseCP/security/code-scanning/11172"
"11173","cs/linq/missed-where","FuseCP/Sources/FuseCP.Providers.Web.IIS70/IIs70.cs","1880","/language:csharp-server","https://github.com/FuseCPDevOPS/FuseCP/security/code-scanning/11173"
"11174","cs/linq/missed-where","FuseCP/Sources/FuseCP.Providers.Web.IIS70/IIs70.cs","2071","/language:csharp-server","https://github.com/FuseCPDevOPS/FuseCP/security/code-scanning/11174"
"11175","cs/linq/missed-where","FuseCP/Sources/FuseCP.Providers.Web.IIS70/IIs70.cs","2214","/language:csharp-server","https://github.com/FuseCPDevOPS/FuseCP/security/code-scanning/11175"
"11176","cs/linq/missed-where","FuseCP/Sources/FuseCP.Providers.Web.IIS70/IIs70.cs","2224","/language:csharp-server","https://github.com/FuseCPDevOPS/FuseCP/security/code-scanning/11176"
"11177","cs/linq/missed-where","FuseCP/Sources/FuseCP.Providers.Web.IIS70/IIs70.cs","2295","/language:csharp-server","https://github.com/FuseCPDevOPS/FuseCP/security/code-scanning/11177"
"11178","cs/linq/missed-where","FuseCP/Sources/FuseCP.Providers.Web.IIS70/IIs70.cs","2875","/language:csharp-server","https://github.com/FuseCPDevOPS/FuseCP/security/code-scanning/11178"
"11179","cs/linq/missed-where","FuseCP/Sources/FuseCP.Providers.Web.IIS70/IIs70.cs","3475","/language:csharp-server","https://github.com/FuseCPDevOPS/FuseCP/security/code-scanning/11179"
"11180","cs/linq/missed-where","FuseCP/Sources/FuseCP.Providers.Web.IIS70/IIs70.cs","4016","/language:csharp-server","https://github.com/FuseCPDevOPS/FuseCP/security/code-scanning/11180"
"11181","cs/linq/missed-where","FuseCP/Sources/FuseCP.Providers.Web.IIs60/IIs60.cs","1890","/language:csharp-server","https://github.com/FuseCPDevOPS/FuseCP/security/code-scanning/11181"
"11182","cs/linq/missed-where","FuseCP/Sources/FuseCP.Providers.Web.IIs60/IIs60.cs","2213","/language:csharp-server","https://github.com/FuseCPDevOPS/FuseCP/security/code-scanning/11182"
"11183","cs/linq/missed-where","FuseCP/Sources/FuseCP.Providers.Web.IIs60/IIs60.cs","3422","/language:csharp-server","https://github.com/FuseCPDevOPS/FuseCP/security/code-scanning/11183"
"11184","cs/linq/missed-where","FuseCP/Sources/FuseCP.Providers.Web.IIs60/IIs60.cs","3485","/language:csharp-server","https://github.com/FuseCPDevOPS/FuseCP/security/code-scanning/11184"
"11185","cs/linq/missed-where","FuseCP/Sources/FuseCP.Providers.Web.IIs60/IIs60.cs","3912","/language:csharp-server","https://github.com/FuseCPDevOPS/FuseCP/security/code-scanning/11185"
"11186","cs/linq/missed-where","FuseCP/Sources/FuseCP.Providers.Web.IIs60/IIs60.cs","3976","/language:csharp-server","https://github.com/FuseCPDevOPS/FuseCP/security/code-scanning/11186"
"11495","cs/linq/missed-where","FuseCP/Sources/FuseCP.Providers.HostedSolution/Exchange2007.cs","600","/language:csharp-server","https://github.com/FuseCPDevOPS/FuseCP/security/code-scanning/11495"
"11496","cs/linq/missed-where","FuseCP/Sources/FuseCP.Providers.HostedSolution/Exchange2007.cs","645","/language:csharp-server","https://github.com/FuseCPDevOPS/FuseCP/security/code-scanning/11496"
"11497","cs/linq/missed-where","FuseCP/Sources/FuseCP.Providers.HostedSolution.Exchange2013/Exchange2013.cs","662","/language:csharp-server","https://github.com/FuseCPDevOPS/FuseCP/security/code-scanning/11497"
"11498","cs/linq/missed-where","FuseCP/Sources/FuseCP.Providers.HostedSolution.Exchange2013/Exchange2013.cs","707","/language:csharp-server","https://github.com/FuseCPDevOPS/FuseCP/security/code-scanning/11498"
"11499","cs/linq/missed-where","FuseCP/Sources/FuseCP.Providers.HostedSolution.Exchange2016/Exchange2016.cs","662","/language:csharp-server","https://github.com/FuseCPDevOPS/FuseCP/security/code-scanning/11499"
"11500","cs/linq/missed-where","FuseCP/Sources/FuseCP.Providers.HostedSolution.Exchange2016/Exchange2016.cs","707","/language:csharp-server","https://github.com/FuseCPDevOPS/FuseCP/security/code-scanning/11500"
"11501","cs/linq/missed-where","FuseCP/Sources/FuseCP.Providers.HostedSolution.Exchange2019/Exchange2019.cs","661","/language:csharp-server","https://github.com/FuseCPDevOPS/FuseCP/security/code-scanning/11501"
"11502","cs/linq/missed-where","FuseCP/Sources/FuseCP.Providers.HostedSolution.Exchange2019/Exchange2019.cs","706","/language:csharp-server","https://github.com/FuseCPDevOPS/FuseCP/security/code-scanning/11502"
"1800","cs/useless-assignment-to-local","FuseCP/Sources/FuseCP.Build/ServiceClass.cshtml","39","/language:csharp-server","https://github.com/FuseCPDevOPS/FuseCP/security/code-scanning/1800"
"1801","cs/useless-assignment-to-local","FuseCP/Sources/FuseCP.Build/ServiceClass.cshtml","40","/language:csharp-server","https://github.com/FuseCPDevOPS/FuseCP/security/code-scanning/1801"
"1802","cs/useless-assignment-to-local","FuseCP/Sources/FuseCP.Providers.Base/Common/ChunkedMemoryStream.cs","289","/language:csharp-server","https://github.com/FuseCPDevOPS/FuseCP/security/code-scanning/1802"
"1803","cs/useless-assignment-to-local","FuseCP/Sources/FuseCP.Providers.Base/Common/ChunkedMemoryStream.cs","291","/language:csharp-server","https://github.com/FuseCPDevOPS/FuseCP/security/code-scanning/1803"
"1804","cs/useless-assignment-to-local","FuseCP/Sources/FuseCP.Providers.Base/Common/Cryptor.cs","37","/language:csharp-server","https://github.com/FuseCPDevOPS/FuseCP/security/code-scanning/1804"
"1805","cs/useless-assignment-to-local","FuseCP/Sources/FuseCP.Providers.Base/Common/ChunkedMemoryStream.cs","359","/language:csharp-server","https://github.com/FuseCPDevOPS/FuseCP/security/code-scanning/1805"
"1806","cs/useless-assignment-to-local","FuseCP/Sources/FuseCP.Providers.Base/Common/HostingServiceProviderBase.cs","91","/language:csharp-server","https://github.com/FuseCPDevOPS/FuseCP/security/code-scanning/1806"
"1808","cs/useless-assignment-to-local","FuseCP/Sources/FuseCP.Providers.Base/OS/TunnelSockets/SshTunnel.cs","76","/language:csharp-server","https://github.com/FuseCPDevOPS/FuseCP/security/code-scanning/1808"
"1809","cs/useless-assignment-to-local","FuseCP/Sources/FuseCP.Providers.Base/OS/TunnelSockets/TunnelSocket.cs","342","/language:csharp-server","https://github.com/FuseCPDevOPS/FuseCP/security/code-scanning/1809"
"1810","cs/useless-assignment-to-local","FuseCP/Sources/FuseCP.Providers.Base/OS/TunnelSockets/TunnelSocket.cs","608","/language:csharp-server","https://github.com/FuseCPDevOPS/FuseCP/security/code-scanning/1810"
"1812","cs/useless-assignment-to-local","FuseCP/Sources/FuseCP.Providers.Base/OS/TunnelSockets/TunnelSocket.cs","767","/language:csharp-server","https://github.com/FuseCPDevOPS/FuseCP/security/code-scanning/1812"
"1813","cs/useless-assignment-to-local","FuseCP/Sources/FuseCP.Providers.Base/Web/HtaccessFolder.cs","610","/language:csharp-server","https://github.com/FuseCPDevOPS/FuseCP/security/code-scanning/1813"
"1814","cs/useless-assignment-to-local","FuseCP/Sources/FuseCP.Providers.DNS.MsDNS/MsDNS.cs","154","/language:csharp-server","https://github.com/FuseCPDevOPS/FuseCP/security/code-scanning/1814"
"1815","cs/useless-assignment-to-local","FuseCP/Sources/FuseCP.Providers.DNS.Bind/IscBind.cs","724","/language:csharp-server","https://github.com/FuseCPDevOPS/FuseCP/security/code-scanning/1815"
"1817","cs/useless-assignment-to-local","FuseCP/Sources/FuseCP.Providers.DNS.MsDNS/MsDNS.cs","359","/language:csharp-server","https://github.com/FuseCPDevOPS/FuseCP/security/code-scanning/1817"
"1818","cs/useless-assignment-to-local","FuseCP/Sources/FuseCP.Providers.DNS.MsDNS/MsDNS.cs","732","/language:csharp-server","https://github.com/FuseCPDevOPS/FuseCP/security/code-scanning/1818"
"1819","cs/useless-assignment-to-local","FuseCP/Sources/FuseCP.Providers.DNS.MsDNS2016/DnsCommands.cs","88","/language:csharp-server","https://github.com/FuseCPDevOPS/FuseCP/security/code-scanning/1819"
"1820","cs/useless-assignment-to-local","FuseCP/Sources/FuseCP.Providers.DNS.SimpleDNS/SimpleDNS.cs","76","/language:csharp-server","https://github.com/FuseCPDevOPS/FuseCP/security/code-scanning/1820"
"1821","cs/useless-assignment-to-local","FuseCP/Sources/FuseCP.Providers.DNS.SimpleDNS/SimpleDNS.cs","612","/language:csharp-server","https://github.com/FuseCPDevOPS/FuseCP/security/code-scanning/1821"
"1822","cs/useless-assignment-to-local","FuseCP/Sources/FuseCP.Providers.DNS.SimpleDNS/SimpleDNS.cs","851","/language:csharp-server","https://github.com/FuseCPDevOPS/FuseCP/security/code-scanning/1822"
"1823","cs/useless-assignment-to-local","FuseCP/Sources/FuseCP.Providers.DNS.SimpleDNS60/SimpleDNS6.cs","467","/language:csharp-server","https://github.com/FuseCPDevOPS/FuseCP/security/code-scanning/1823"
"1824","cs/useless-assignment-to-local","FuseCP/Sources/FuseCP.Providers.DNS.SimpleDNS50/SimpleDNS5.cs","439","/language:csharp-server","https://github.com/FuseCPDevOPS/FuseCP/security/code-scanning/1824"
"1825","cs/useless-assignment-to-local","FuseCP/Sources/FuseCP.Providers.Database.MariaDB/MariaDB103.cs","185","/language:csharp-server","https://github.com/FuseCPDevOPS/FuseCP/security/code-scanning/1825"
"1826","cs/useless-assignment-to-local","FuseCP/Sources/FuseCP.Providers.Database.MariaDB/MariaDB103.cs","188","/language:csharp-server","https://github.com/FuseCPDevOPS/FuseCP/security/code-scanning/1826"
"1827","cs/useless-assignment-to-local","FuseCP/Sources/FuseCP.Providers.Database.MariaDB/MariaDB101.cs","765","/language:csharp-server","https://github.com/FuseCPDevOPS/FuseCP/security/code-scanning/1827"
"1828","cs/useless-assignment-to-local","FuseCP/Sources/FuseCP.Providers.Database.MariaDB/MariaDB101.cs","768","/language:csharp-server","https://github.com/FuseCPDevOPS/FuseCP/security/code-scanning/1828"
"1829","cs/useless-assignment-to-local","FuseCP/Sources/FuseCP.Providers.Database.MySQL/MySqlServer.cs","765","/language:csharp-server","https://github.com/FuseCPDevOPS/FuseCP/security/code-scanning/1829"
"1830","cs/useless-assignment-to-local","FuseCP/Sources/FuseCP.Providers.Database.MySQL/MySqlServer.cs","768","/language:csharp-server","https://github.com/FuseCPDevOPS/FuseCP/security/code-scanning/1830"
"1833","cs/useless-assignment-to-local","FuseCP/Sources/FuseCP.Providers.FTP.CerberusFTP6/CerberusFTP6.cs","343","/language:csharp-server","https://github.com/FuseCPDevOPS/FuseCP/security/code-scanning/1833"
"1834","cs/useless-assignment-to-local","FuseCP/Sources/FuseCP.Providers.FTP.IIs100/SitesModuleService.cs","466","/language:csharp-server","https://github.com/FuseCPDevOPS/FuseCP/security/code-scanning/1834"
"1835","cs/useless-assignment-to-local","FuseCP/Sources/FuseCP.Providers.FTP.VsFtp/CryptSharp/Utility/DesCipher.cs","153","/language:csharp-server","https://github.com/FuseCPDevOPS/FuseCP/security/code-scanning/1835"
"1836","cs/useless-assignment-to-local","FuseCP/Sources/FuseCP.Providers.FTP.VsFtp/CryptSharp/Utility/DesCipher.cs","164","/language:csharp-server","https://github.com/FuseCPDevOPS/FuseCP/security/code-scanning/1836"
"1840","cs/useless-assignment-to-local","FuseCP/Sources/FuseCP.Providers.FTP.VsFtp/CryptSharp/Utility/DesCipher.cs","182","/language:csharp-server","https://github.com/FuseCPDevOPS/FuseCP/security/code-scanning/1840"
"1841","cs/useless-assignment-to-local","FuseCP/Sources/FuseCP.Providers.FTP.VsFtp/CryptSharp/Utility/DesCipher.cs","188","/language:csharp-server","https://github.com/FuseCPDevOPS/FuseCP/security/code-scanning/1841"
"1842","cs/useless-assignment-to-local","FuseCP/Sources/FuseCP.Providers.FTP.VsFtp/CryptSharp/Utility/DesCipher.cs","197","/language:csharp-server","https://github.com/FuseCPDevOPS/FuseCP/security/code-scanning/1842"
"1843","cs/useless-assignment-to-local","FuseCP/Sources/FuseCP.Providers.FTP.VsFtp/CryptSharp/Utility/DesCipher.cs","197","/language:csharp-server","https://github.com/FuseCPDevOPS/FuseCP/security/code-scanning/1843"
"1849","cs/useless-assignment-to-local","FuseCP/Sources/FuseCP.Providers.FTP.VsFtp/CryptSharp/Utility/DesCipher.cs","243","/language:csharp-server","https://github.com/FuseCPDevOPS/FuseCP/security/code-scanning/1849"
"1850","cs/useless-assignment-to-local","FuseCP/Sources/FuseCP.Providers.FTP.VsFtp/CryptSharp/Utility/Salsa20Core.cs","106","/language:csharp-server","https://github.com/FuseCPDevOPS/FuseCP/security/code-scanning/1850"
"1851","cs/useless-assignment-to-local","FuseCP/Sources/FuseCP.Providers.FTP.VsFtp/CryptSharp/Utility/Salsa20Core.cs","107","/language:csharp-server","https://github.com/FuseCPDevOPS/FuseCP/security/code-scanning/1851"
"1852","cs/useless-assignment-to-local","FuseCP/Sources/FuseCP.Providers.FTP.VsFtp/CryptSharp/Utility/Salsa20Core.cs","108","/language:csharp-server","https://github.com/FuseCPDevOPS/FuseCP/security/code-scanning/1852"
"1853","cs/useless-assignment-to-local","FuseCP/Sources/FuseCP.Providers.FTP.VsFtp/CryptSharp/Utility/Salsa20Core.cs","109","/language:csharp-server","https://github.com/FuseCPDevOPS/FuseCP/security/code-scanning/1853"
"1854","cs/useless-assignment-to-local","FuseCP/Sources/FuseCP.Providers.FTP.VsFtp/CryptSharp/Utility/Salsa20Core.cs","110","/language:csharp-server","https://github.com/FuseCPDevOPS/FuseCP/security/code-scanning/1854"
"1855","cs/useless-assignment-to-local","FuseCP/Sources/FuseCP.Providers.FTP.VsFtp/CryptSharp/Utility/Salsa20Core.cs","111","/language:csharp-server","https://github.com/FuseCPDevOPS/FuseCP/security/code-scanning/1855"
"1856","cs/useless-assignment-to-local","FuseCP/Sources/FuseCP.Providers.FTP.VsFtp/CryptSharp/Utility/Salsa20Core.cs","112","/language:csharp-server","https://github.com/FuseCPDevOPS/FuseCP/security/code-scanning/1856"
"1857","cs/useless-assignment-to-local","FuseCP/Sources/FuseCP.Providers.FTP.VsFtp/CryptSharp/Utility/Salsa20Core.cs","113","/language:csharp-server","https://github.com/FuseCPDevOPS/FuseCP/security/code-scanning/1857"
"1858","cs/useless-assignment-to-local","FuseCP/Sources/FuseCP.Providers.FTP.VsFtp/CryptSharp/Utility/Salsa20Core.cs","114","/language:csharp-server","https://github.com/FuseCPDevOPS/FuseCP/security/code-scanning/1858"
"1859","cs/useless-assignment-to-local","FuseCP/Sources/FuseCP.Providers.FTP.VsFtp/CryptSharp/Utility/Salsa20Core.cs","115","/language:csharp-server","https://github.com/FuseCPDevOPS/FuseCP/security/code-scanning/1859"
"1860","cs/useless-assignment-to-local","FuseCP/Sources/FuseCP.Providers.FTP.VsFtp/CryptSharp/Utility/Salsa20Core.cs","116","/language:csharp-server","https://github.com/FuseCPDevOPS/FuseCP/security/code-scanning/1860"
"1861","cs/useless-assignment-to-local","FuseCP/Sources/FuseCP.Providers.FTP.VsFtp/CryptSharp/Utility/Salsa20Core.cs","117","/language:csharp-server","https://github.com/FuseCPDevOPS/FuseCP/security/code-scanning/1861"
"1862","cs/useless-assignment-to-local","FuseCP/Sources/FuseCP.Providers.FTP.VsFtp/CryptSharp/Utility/Salsa20Core.cs","118","/language:csharp-server","https://github.com/FuseCPDevOPS/FuseCP/security/code-scanning/1862"
"1863","cs/useless-assignment-to-local","FuseCP/Sources/FuseCP.Providers.FTP.VsFtp/CryptSharp/Utility/Salsa20Core.cs","119","/language:csharp-server","https://github.com/FuseCPDevOPS/FuseCP/security/code-scanning/1863"
"1864","cs/useless-assignment-to-local","FuseCP/Sources/FuseCP.Providers.FTP.VsFtp/CryptSharp/Utility/Salsa20Core.cs","120","/language:csharp-server","https://github.com/FuseCPDevOPS/FuseCP/security/code-scanning/1864"
"1865","cs/useless-assignment-to-local","FuseCP/Sources/FuseCP.Providers.FTP.VsFtp/CryptSharp/Utility/Salsa20Core.cs","121","/language:csharp-server","https://github.com/FuseCPDevOPS/FuseCP/security/code-scanning/1865"
"1866","cs/useless-assignment-to-local","FuseCP/Sources/FuseCP.Providers.Filters.SpamExperts/SpamExperts.cs","165","/language:csharp-server","https://github.com/FuseCPDevOPS/FuseCP/security/code-scanning/1866"
"1867","cs/useless-assignment-to-local","FuseCP/Sources/FuseCP.Providers.Filters.SpamExperts/SpamExperts.cs","166","/language:csharp-server","https://github.com/FuseCPDevOPS/FuseCP/security/code-scanning/1867"
"1869","cs/useless-assignment-to-local","FuseCP/Sources/FuseCP.Providers.HostedSolution/Exchange2010SP2.cs","79","/language:csharp-server","https://github.com/FuseCPDevOPS/FuseCP/security/code-scanning/1869"
"1873","cs/useless-assignment-to-local","FuseCP/Sources/FuseCP.Providers.HostedSolution/Exchange2007.cs","2502","/language:csharp-server","https://github.com/FuseCPDevOPS/FuseCP/security/code-scanning/1873"
"1874","cs/useless-assignment-to-local","FuseCP/Sources/FuseCP.Providers.HostedSolution/HostedSharePointServer2010.cs","59","/language:csharp-server","https://github.com/FuseCPDevOPS/FuseCP/security/code-scanning/1874"
"1876","cs/useless-assignment-to-local","FuseCP/Sources/FuseCP.Providers.HostedSolution/HostedSharePointServer2010.cs","255","/language:csharp-server","https://github.com/FuseCPDevOPS/FuseCP/security/code-scanning/1876"
"1877","cs/useless-assignment-to-local","FuseCP/Sources/FuseCP.Providers.HostedSolution/Exchange2007.cs","4648","/language:csharp-server","https://github.com/FuseCPDevOPS/FuseCP/security/code-scanning/1877"
"1878","cs/useless-assignment-to-local","FuseCP/Sources/FuseCP.Providers.HostedSolution/Exchange2007.cs","4861","/language:csharp-server","https://github.com/FuseCPDevOPS/FuseCP/security/code-scanning/1878"
"1879","cs/useless-assignment-to-local","FuseCP/Sources/FuseCP.Providers.HostedSolution/Exchange2007.cs","4873","/language:csharp-server","https://github.com/FuseCPDevOPS/FuseCP/security/code-scanning/1879"
"1880","cs/useless-assignment-to-local","FuseCP/Sources/FuseCP.Providers.HostedSolution/Exchange2007.cs","4874","/language:csharp-server","https://github.com/FuseCPDevOPS/FuseCP/security/code-scanning/1880"
"1881","cs/useless-assignment-to-local","FuseCP/Sources/FuseCP.Providers.HostedSolution/Lync2010.cs","1049","/language:csharp-server","https://github.com/FuseCPDevOPS/FuseCP/security/code-scanning/1881"
"1883","cs/useless-assignment-to-local","FuseCP/Sources/FuseCP.Providers.HostedSolution/Exchange2007.cs","6061","/language:csharp-server","https://github.com/FuseCPDevOPS/FuseCP/security/code-scanning/1883"
"1885","cs/useless-assignment-to-local","FuseCP/Sources/FuseCP.Providers.HostedSolution/OrganizationProvider.cs","869","/language:csharp-server","https://github.com/FuseCPDevOPS/FuseCP/security/code-scanning/1885"
"1899","cs/useless-assignment-to-local","FuseCP/Sources/FuseCP.Providers.HostedSolution.Exchange2013/Exchange2013.cs","788","/language:csharp-server","https://github.com/FuseCPDevOPS/FuseCP/security/code-scanning/1899"
"1901","cs/useless-assignment-to-local","FuseCP/Sources/FuseCP.Providers.HostedSolution.Exchange2013/Exchange2013.cs","5286","/language:csharp-server","https://github.com/FuseCPDevOPS/FuseCP/security/code-scanning/1901"
"1902","cs/useless-assignment-to-local","FuseCP/Sources/FuseCP.Providers.HostedSolution.Exchange2013/Exchange2013.cs","5508","/language:csharp-server","https://github.com/FuseCPDevOPS/FuseCP/security/code-scanning/1902"
"1903","cs/useless-assignment-to-local","FuseCP/Sources/FuseCP.Providers.HostedSolution.Exchange2013/Exchange2013.cs","5775","/language:csharp-server","https://github.com/FuseCPDevOPS/FuseCP/security/code-scanning/1903"
"1904","cs/useless-assignment-to-local","FuseCP/Sources/FuseCP.Providers.HostedSolution.Exchange2013/Exchange2013.cs","5787","/language:csharp-server","https://github.com/FuseCPDevOPS/FuseCP/security/code-scanning/1904"
"1905","cs/useless-assignment-to-local","FuseCP/Sources/FuseCP.Providers.HostedSolution.Exchange2013/Exchange2013.cs","5788","/language:csharp-server","https://github.com/FuseCPDevOPS/FuseCP/security/code-scanning/1905"
"1909","cs/useless-assignment-to-local","FuseCP/Sources/FuseCP.Providers.HostedSolution.Exchange2013/Exchange2013.cs","8556","/language:csharp-server","https://github.com/FuseCPDevOPS/FuseCP/security/code-scanning/1909"
"1910","cs/useless-assignment-to-local","FuseCP/Sources/FuseCP.Providers.HostedSolution.Exchange2013/Exchange2013.cs","8647","/language:csharp-server","https://github.com/FuseCPDevOPS/FuseCP/security/code-scanning/1910"
"1911","cs/useless-assignment-to-local","FuseCP/Sources/FuseCP.Providers.HostedSolution.Exchange2013/Exchange2013.cs","8676","/language:csharp-server","https://github.com/FuseCPDevOPS/FuseCP/security/code-scanning/1911"
"1915","cs/useless-assignment-to-local","FuseCP/Sources/FuseCP.Providers.HostedSolution.Exchange2016/Exchange2016.cs","788","/language:csharp-server","https://github.com/FuseCPDevOPS/FuseCP/security/code-scanning/1915"
"1920","cs/useless-assignment-to-local","FuseCP/Sources/FuseCP.Providers.HostedSolution.Exchange2019/Exchange2019.cs","787","/language:csharp-server","https://github.com/FuseCPDevOPS/FuseCP/security/code-scanning/1920"
"1921","cs/useless-assignment-to-local","FuseCP/Sources/FuseCP.Providers.HostedSolution.Exchange2016/Exchange2016.cs","5321","/language:csharp-server","https://github.com/FuseCPDevOPS/FuseCP/security/code-scanning/1921"
"1922","cs/useless-assignment-to-local","FuseCP/Sources/FuseCP.Providers.HostedSolution.Exchange2016/Exchange2016.cs","5543","/language:csharp-server","https://github.com/FuseCPDevOPS/FuseCP/security/code-scanning/1922"
"1923","cs/useless-assignment-to-local","FuseCP/Sources/FuseCP.Providers.HostedSolution.Exchange2016/Exchange2016.cs","5809","/language:csharp-server","https://github.com/FuseCPDevOPS/FuseCP/security/code-scanning/1923"
"1924","cs/useless-assignment-to-local","FuseCP/Sources/FuseCP.Providers.HostedSolution.Exchange2016/Exchange2016.cs","5821","/language:csharp-server","https://github.com/FuseCPDevOPS/FuseCP/security/code-scanning/1924"
"1925","cs/useless-assignment-to-local","FuseCP/Sources/FuseCP.Providers.HostedSolution.Exchange2016/Exchange2016.cs","5822","/language:csharp-server","https://github.com/FuseCPDevOPS/FuseCP/security/code-scanning/1925"
"1930","cs/useless-assignment-to-local","FuseCP/Sources/FuseCP.Providers.HostedSolution.Exchange2019/Exchange2019.cs","5321","/language:csharp-server","https://github.com/FuseCPDevOPS/FuseCP/security/code-scanning/1930"
"1931","cs/useless-assignment-to-local","FuseCP/Sources/FuseCP.Providers.HostedSolution.Exchange2019/Exchange2019.cs","5543","/language:csharp-server","https://github.com/FuseCPDevOPS/FuseCP/security/code-scanning/1931"
"1932","cs/useless-assignment-to-local","FuseCP/Sources/FuseCP.Providers.HostedSolution.Exchange2019/Exchange2019.cs","5809","/language:csharp-server","https://github.com/FuseCPDevOPS/FuseCP/security/code-scanning/1932"
"1933","cs/useless-assignment-to-local","FuseCP/Sources/FuseCP.Providers.HostedSolution.Exchange2019/Exchange2019.cs","5821","/language:csharp-server","https://github.com/FuseCPDevOPS/FuseCP/security/code-scanning/1933"
"1934","cs/useless-assignment-to-local","FuseCP/Sources/FuseCP.Providers.HostedSolution.Exchange2019/Exchange2019.cs","5822","/language:csharp-server","https://github.com/FuseCPDevOPS/FuseCP/security/code-scanning/1934"
"1935","cs/useless-assignment-to-local","FuseCP/Sources/FuseCP.Providers.HostedSolution.Exchange2016/Exchange2016.cs","8591","/language:csharp-server","https://github.com/FuseCPDevOPS/FuseCP/security/code-scanning/1935"
"1936","cs/useless-assignment-to-local","FuseCP/Sources/FuseCP.Providers.HostedSolution.Exchange2016/Exchange2016.cs","8682","/language:csharp-server","https://github.com/FuseCPDevOPS/FuseCP/security/code-scanning/1936"
"1940","cs/useless-assignment-to-local","FuseCP/Sources/FuseCP.Providers.HostedSolution.Exchange2019/Exchange2019.cs","8592","/language:csharp-server","https://github.com/FuseCPDevOPS/FuseCP/security/code-scanning/1940"
"1941","cs/useless-assignment-to-local","FuseCP/Sources/FuseCP.Providers.HostedSolution.Lync2013/Lync2013.cs","890","/language:csharp-server","https://github.com/FuseCPDevOPS/FuseCP/security/code-scanning/1941"
"1942","cs/useless-assignment-to-local","FuseCP/Sources/FuseCP.Providers.HostedSolution.Exchange2019/Exchange2019.cs","8683","/language:csharp-server","https://github.com/FuseCPDevOPS/FuseCP/security/code-scanning/1942"
"1943","cs/useless-assignment-to-local","FuseCP/Sources/FuseCP.Providers.HostedSolution.SfB2015/SfB2015.cs","890","/language:csharp-server","https://github.com/FuseCPDevOPS/FuseCP/security/code-scanning/1943"
"1944","cs/useless-assignment-to-local","FuseCP/Sources/FuseCP.Providers.HostedSolution.Lync2013HP/Lync2013HP.cs","1054","/language:csharp-server","https://github.com/FuseCPDevOPS/FuseCP/security/code-scanning/1944"
"1946","cs/useless-assignment-to-local","FuseCP/Sources/FuseCP.Providers.HostedSolution.SfB2019/SfB2019.cs","890","/language:csharp-server","https://github.com/FuseCPDevOPS/FuseCP/security/code-scanning/1946"
"1947","cs/useless-assignment-to-local","FuseCP/Sources/FuseCP.Providers.Mail.SmarterMail10/SmarterMail10.cs","1179","/language:csharp-server","https://github.com/FuseCPDevOPS/FuseCP/security/code-scanning/1947"
"1948","cs/useless-assignment-to-local","FuseCP/Sources/FuseCP.Providers.Mail.SmarterMail10/SmarterMail10.cs","1250","/language:csharp-server","https://github.com/FuseCPDevOPS/FuseCP/security/code-scanning/1948"
"1949","cs/useless-assignment-to-local","FuseCP/Sources/FuseCP.Providers.Mail.SmarterMail10/SmarterMail10.cs","1617","/language:csharp-server","https://github.com/FuseCPDevOPS/FuseCP/security/code-scanning/1949"
"1950","cs/useless-assignment-to-local","FuseCP/Sources/FuseCP.Providers.Mail.SmarterMail10/SmarterMail10.cs","2044","/language:csharp-server","https://github.com/FuseCPDevOPS/FuseCP/security/code-scanning/1950"
"1951","cs/useless-assignment-to-local","FuseCP/Sources/FuseCP.Providers.Mail.SmarterMail100/SmarterMail100.cs","2156","/language:csharp-server","https://github.com/FuseCPDevOPS/FuseCP/security/code-scanning/1951"
"1952","cs/useless-assignment-to-local","FuseCP/Sources/FuseCP.Providers.Mail.SmarterMail100/SmarterMail100.cs","2371","/language:csharp-server","https://github.com/FuseCPDevOPS/FuseCP/security/code-scanning/1952"
"1953","cs/useless-assignment-to-local","FuseCP/Sources/FuseCP.Providers.Mail.SmarterMail100/SmarterMail100.cs","2381","/language:csharp-server","https://github.com/FuseCPDevOPS/FuseCP/security/code-scanning/1953"
"1954","cs/useless-assignment-to-local","FuseCP/Sources/FuseCP.Providers.Mail.SmarterMail3/SmarterMail3.cs","228","/language:csharp-server","https://github.com/FuseCPDevOPS/FuseCP/security/code-scanning/1954"
"1955","cs/useless-assignment-to-local","FuseCP/Sources/FuseCP.Providers.Mail.SmarterMail3/SmarterMail3.cs","440","/language:csharp-server","https://github.com/FuseCPDevOPS/FuseCP/security/code-scanning/1955"
"1956","cs/useless-assignment-to-local","FuseCP/Sources/FuseCP.Providers.Mail.SmarterMail5/SmarterMail5.cs","973","/language:csharp-server","https://github.com/FuseCPDevOPS/FuseCP/security/code-scanning/1956"
"1957","cs/useless-assignment-to-local","FuseCP/Sources/FuseCP.Providers.Mail.SmarterMail5/SmarterMail5.cs","1262","/language:csharp-server","https://github.com/FuseCPDevOPS/FuseCP/security/code-scanning/1957"
"1958","cs/useless-assignment-to-local","FuseCP/Sources/FuseCP.Providers.Mail.SmarterMail6/SmarterMail6.cs","1607","/language:csharp-server","https://github.com/FuseCPDevOPS/FuseCP/security/code-scanning/1958"
"1959","cs/useless-assignment-to-local","FuseCP/Sources/FuseCP.Providers.Mail.SmarterMail6/SmarterMail6.cs","2036","/language:csharp-server","https://github.com/FuseCPDevOPS/FuseCP/security/code-scanning/1959"
"1960","cs/useless-assignment-to-local","FuseCP/Sources/FuseCP.Providers.Mail.SmarterMail7/SmarterMail7.cs","1579","/language:csharp-server","https://github.com/FuseCPDevOPS/FuseCP/security/code-scanning/1960"
"1961","cs/useless-assignment-to-local","FuseCP/Sources/FuseCP.Providers.Mail.SmarterMail7/SmarterMail7.cs","2008","/language:csharp-server","https://github.com/FuseCPDevOPS/FuseCP/security/code-scanning/1961"
"1962","cs/useless-assignment-to-local","FuseCP/Sources/FuseCP.Providers.Mail.SmarterMail9/SmarterMail9.cs","1597","/language:csharp-server","https://github.com/FuseCPDevOPS/FuseCP/security/code-scanning/1962"
"1963","cs/useless-assignment-to-local","FuseCP/Sources/FuseCP.Providers.Mail.SmarterMail9/SmarterMail9.cs","2028","/language:csharp-server","https://github.com/FuseCPDevOPS/FuseCP/security/code-scanning/1963"
"1964","cs/useless-assignment-to-local","FuseCP/Sources/FuseCP.Providers.OS.Unix/ServiceControllers/LaunchdServcieController.cs","126","/language:csharp-server","https://github.com/FuseCPDevOPS/FuseCP/security/code-scanning/1964"
"1965","cs/useless-assignment-to-local","FuseCP/Sources/FuseCP.Providers.OS.Unix/ServiceControllers/SystemdServiceController.cs","72","/language:csharp-server","https://github.com/FuseCPDevOPS/FuseCP/security/code-scanning/1965"
"1966","cs/useless-assignment-to-local","FuseCP/Sources/FuseCP.Providers.OS.Unix/ServiceControllers/SystemdServiceController.cs","73","/language:csharp-server","https://github.com/FuseCPDevOPS/FuseCP/security/code-scanning/1966"
"1967","cs/useless-assignment-to-local","FuseCP/Sources/FuseCP.Providers.OS.Unix/ServiceControllers/SystemdServiceController.cs","96","/language:csharp-server","https://github.com/FuseCPDevOPS/FuseCP/security/code-scanning/1967"
"1968","cs/useless-assignment-to-local","FuseCP/Sources/FuseCP.Providers.OS.Unix/ServiceControllers/SystemdServiceController.cs","104","/language:csharp-server","https://github.com/FuseCPDevOPS/FuseCP/security/code-scanning/1968"
"1969","cs/useless-assignment-to-local","FuseCP/Sources/FuseCP.Providers.OS.Windows2016/Windows2016.cs","890","/language:csharp-server","https://github.com/FuseCPDevOPS/FuseCP/security/code-scanning/1969"
"1976","cs/useless-assignment-to-local","FuseCP/Sources/FuseCP.Providers.StorageSpaces.Windows2016/Windows2016.cs","841","/language:csharp-server","https://github.com/FuseCPDevOPS/FuseCP/security/code-scanning/1976"
"1977","cs/useless-assignment-to-local","FuseCP/Sources/FuseCP.Providers.TerminalServices.Windows2012/RdsRunspaceExtensions.cs","140","/language:csharp-server","https://github.com/FuseCPDevOPS/FuseCP/security/code-scanning/1977"
"1978","cs/useless-assignment-to-local","FuseCP/Sources/FuseCP.Providers.StorageSpaces.Windows2016/Windows2016.cs","1007","/language:csharp-server","https://github.com/FuseCPDevOPS/FuseCP/security/code-scanning/1978"
"1979","cs/useless-assignment-to-local","FuseCP/Sources/FuseCP.Providers.TerminalServices.Windows2012/RdsRunspaceExtensions.cs","141","/language:csharp-server","https://github.com/FuseCPDevOPS/FuseCP/security/code-scanning/1979"
"1995","cs/useless-assignment-to-local","FuseCP/Sources/FuseCP.Providers.Virtualization.HyperV/HyperV.cs","221","/language:csharp-server","https://github.com/FuseCPDevOPS/FuseCP/security/code-scanning/1995"
"1997","cs/useless-assignment-to-local","FuseCP/Sources/FuseCP.Providers.Virtualization.HyperV/HyperV.cs","355","/language:csharp-server","https://github.com/FuseCPDevOPS/FuseCP/security/code-scanning/1997"
"2000","cs/useless-assignment-to-local","FuseCP/Sources/FuseCP.Providers.Virtualization.HyperV/HyperV.cs","503","/language:csharp-server","https://github.com/FuseCPDevOPS/FuseCP/security/code-scanning/2000"
"2001","cs/useless-assignment-to-local","FuseCP/Sources/FuseCP.Providers.Virtualization.HyperV/HyperV.cs","525","/language:csharp-server","https://github.com/FuseCPDevOPS/FuseCP/security/code-scanning/2001"
"2004","cs/useless-assignment-to-local","FuseCP/Sources/FuseCP.Providers.Virtualization.HyperV/HyperV.cs","608","/language:csharp-server","https://github.com/FuseCPDevOPS/FuseCP/security/code-scanning/2004"
"2005","cs/useless-assignment-to-local","FuseCP/Sources/FuseCP.Providers.Virtualization.HyperV/HyperV.cs","949","/language:csharp-server","https://github.com/FuseCPDevOPS/FuseCP/security/code-scanning/2005"
"2007","cs/useless-assignment-to-local","FuseCP/Sources/FuseCP.Providers.Virtualization.HyperV-2012R2/Helpers/VirtualMachineHelper.cs","307","/language:csharp-server","https://github.com/FuseCPDevOPS/FuseCP/security/code-scanning/2007"
"2012","cs/useless-assignment-to-local","FuseCP/Sources/FuseCP.Providers.Virtualization.HyperV-2012R2/HyperV2012R2.cs","891","/language:csharp-server","https://github.com/FuseCPDevOPS/FuseCP/security/code-scanning/2012"
"2014","cs/useless-assignment-to-local","FuseCP/Sources/FuseCP.Providers.Virtualization.HyperV-2012R2/HyperV2012R2.cs","1502","/language:csharp-server","https://github.com/FuseCPDevOPS/FuseCP/security/code-scanning/2014"
"2015","cs/useless-assignment-to-local","FuseCP/Sources/FuseCP.Providers.Virtualization.HyperV-2012R2/HyperV2012R2.cs","1541","/language:csharp-server","https://github.com/FuseCPDevOPS/FuseCP/security/code-scanning/2015"
"2017","cs/useless-assignment-to-local","FuseCP/Sources/FuseCP.Providers.Virtualization.HyperV-vmm/HyperVvmm.cs","446","/language:csharp-server","https://github.com/FuseCPDevOPS/FuseCP/security/code-scanning/2017"
"2019","cs/useless-assignment-to-local","FuseCP/Sources/FuseCP.Providers.Web.Apache/Apache24.cs","72","/language:csharp-server","https://github.com/FuseCPDevOPS/FuseCP/security/code-scanning/2019"
"2020","cs/useless-assignment-to-local","FuseCP/Sources/FuseCP.Providers.Web.Apache/Apache24.cs","634","/language:csharp-server","https://github.com/FuseCPDevOPS/FuseCP/security/code-scanning/2020"
"2021","cs/useless-assignment-to-local","FuseCP/Sources/FuseCP.Providers.Virtualization.Proxmox/Proxmoxvps.cs","870","/language:csharp-server","https://github.com/FuseCPDevOPS/FuseCP/security/code-scanning/2021"
"2022","cs/useless-assignment-to-local","FuseCP/Sources/FuseCP.Providers.Virtualization.Proxmox/Proxmoxvps.cs","1161","/language:csharp-server","https://github.com/FuseCPDevOPS/FuseCP/security/code-scanning/2022"
"2023","cs/useless-assignment-to-local","FuseCP/Sources/FuseCP.Providers.Virtualization.Proxmox/Proxmoxvps.cs","1166","/language:csharp-server","https://github.com/FuseCPDevOPS/FuseCP/security/code-scanning/2023"
"2024","cs/useless-assignment-to-local","FuseCP/Sources/FuseCP.Providers.Virtualization.Proxmox/Proxmoxvps.cs","2028","/language:csharp-server","https://github.com/FuseCPDevOPS/FuseCP/security/code-scanning/2024"
"2026","cs/useless-assignment-to-local","FuseCP/Sources/FuseCP.Providers.Web.IIS70/IIs70.cs","715","/language:csharp-server","https://github.com/FuseCPDevOPS/FuseCP/security/code-scanning/2026"
"2027","cs/useless-assignment-to-local","FuseCP/Sources/FuseCP.Providers.Web.IIS70/IIs70.cs","720","/language:csharp-server","https://github.com/FuseCPDevOPS/FuseCP/security/code-scanning/2027"
"2028","cs/useless-assignment-to-local","FuseCP/Sources/FuseCP.Providers.Web.IIS70/IIs70.cs","816","/language:csharp-server","https://github.com/FuseCPDevOPS/FuseCP/security/code-scanning/2028"
"2030","cs/useless-assignment-to-local","FuseCP/Sources/FuseCP.Providers.Web.IIS70/WebObjects/WebObjectsModuleService.cs","708","/language:csharp-server","https://github.com/FuseCPDevOPS/FuseCP/security/code-scanning/2030"
"2031","cs/useless-assignment-to-local","FuseCP/Sources/FuseCP.Providers.Web.IIS70/WebObjects/WebObjectsModuleService.cs","866","/language:csharp-server","https://github.com/FuseCPDevOPS/FuseCP/security/code-scanning/2031"
"2032","cs/useless-assignment-to-local","FuseCP/Sources/FuseCP.Providers.Web.IIS70/IIs70.cs","1775","/language:csharp-server","https://github.com/FuseCPDevOPS/FuseCP/security/code-scanning/2032"
"2033","cs/useless-assignment-to-local","FuseCP/Sources/FuseCP.Providers.Web.IIS70/IIs70.cs","3086","/language:csharp-server","https://github.com/FuseCPDevOPS/FuseCP/security/code-scanning/2033"
"2034","cs/useless-assignment-to-local","FuseCP/Sources/FuseCP.Providers.Web.IIS70/IIs70.cs","3174","/language:csharp-server","https://github.com/FuseCPDevOPS/FuseCP/security/code-scanning/2034"
"2035","cs/useless-assignment-to-local","FuseCP/Sources/FuseCP.Providers.Web.IIS70/IIs70.cs","3293","/language:csharp-server","https://github.com/FuseCPDevOPS/FuseCP/security/code-scanning/2035"
"2038","cs/useless-assignment-to-local","FuseCP/Sources/FuseCP.Providers.Web.IIS70/IIs70.cs","4099","/language:csharp-server","https://github.com/FuseCPDevOPS/FuseCP/security/code-scanning/2038"
"2039","cs/useless-assignment-to-local","FuseCP/Sources/FuseCP.Providers.Web.IIS70/IIs70.cs","4155","/language:csharp-server","https://github.com/FuseCPDevOPS/FuseCP/security/code-scanning/2039"
"2040","cs/useless-assignment-to-local","FuseCP/Sources/FuseCP.Providers.Web.IIs60/IIs60.cs","308","/language:csharp-server","https://github.com/FuseCPDevOPS/FuseCP/security/code-scanning/2040"
"2041","cs/useless-assignment-to-local","FuseCP/Sources/FuseCP.Providers.Web.IIs60/IIs60.cs","443","/language:csharp-server","https://github.com/FuseCPDevOPS/FuseCP/security/code-scanning/2041"
"2042","cs/useless-assignment-to-local","FuseCP/Sources/FuseCP.Providers.Web.IIs60/IIs60.cs","444","/language:csharp-server","https://github.com/FuseCPDevOPS/FuseCP/security/code-scanning/2042"
"2043","cs/useless-assignment-to-local","FuseCP/Sources/FuseCP.Providers.Web.IIs60/IIs60.cs","835","/language:csharp-server","https://github.com/FuseCPDevOPS/FuseCP/security/code-scanning/2043"
"2044","cs/useless-assignment-to-local","FuseCP/Sources/FuseCP.Providers.Web.IIs60/IIs60.cs","1032","/language:csharp-server","https://github.com/FuseCPDevOPS/FuseCP/security/code-scanning/2044"
"2045","cs/useless-assignment-to-local","FuseCP/Sources/FuseCP.Providers.Web.IIs60/IIs60.cs","1155","/language:csharp-server","https://github.com/FuseCPDevOPS/FuseCP/security/code-scanning/2045"
"2046","cs/useless-assignment-to-local","FuseCP/Sources/FuseCP.Providers.Web.IIs60/IIs60.cs","1253","/language:csharp-server","https://github.com/FuseCPDevOPS/FuseCP/security/code-scanning/2046"
"2048","cs/useless-assignment-to-local","FuseCP/Sources/FuseCP.Providers.Web.WebDav/WebDavExtensions.cs","78","/language:csharp-server","https://github.com/FuseCPDevOPS/FuseCP/security/code-scanning/2048"
"2049","cs/useless-assignment-to-local","FuseCP/Sources/FuseCP.Providers.Web.IIs60/IIs60.cs","1383","/language:csharp-server","https://github.com/FuseCPDevOPS/FuseCP/security/code-scanning/2049"
"2050","cs/useless-assignment-to-local","FuseCP/Sources/FuseCP.Providers.Web.IIs60/IIs60.cs","1829","/language:csharp-server","https://github.com/FuseCPDevOPS/FuseCP/security/code-scanning/2050"
"2051","cs/useless-assignment-to-local","FuseCP/Sources/FuseCP.Providers.Web.IIs60/IIs60.cs","1864","/language:csharp-server","https://github.com/FuseCPDevOPS/FuseCP/security/code-scanning/2051"
"2052","cs/useless-assignment-to-local","FuseCP/Sources/FuseCP.Providers.Web.IIs60/IIs60.cs","2512","/language:csharp-server","https://github.com/FuseCPDevOPS/FuseCP/security/code-scanning/2052"
"2053","cs/useless-assignment-to-local","FuseCP/Sources/FuseCP.Server/VirtualizationServerProxmox.asmx.cs","152","/language:csharp-server","https://github.com/FuseCPDevOPS/FuseCP/security/code-scanning/2053"
"2054","cs/useless-assignment-to-local","FuseCP/Sources/FuseCP.Server.Utils/FileUtils.cs","464","/language:csharp-server","https://github.com/FuseCPDevOPS/FuseCP/security/code-scanning/2054"
"2056","cs/useless-assignment-to-local","FuseCP/Sources/FuseCP.Server.Utils/FileUtils.cs","1113","/language:csharp-server","https://github.com/FuseCPDevOPS/FuseCP/security/code-scanning/2056"
"2060","cs/useless-assignment-to-local","FuseCP/Sources/FuseCP.Web.Clients/ClientAssemblyBase.cs","157","/language:csharp-server","https://github.com/FuseCPDevOPS/FuseCP/security/code-scanning/2060"
"2061","cs/useless-assignment-to-local","FuseCP/Sources/FuseCP.Web.Services/SoapHeaderMessageInspector.cs","85","/language:csharp-server","https://github.com/FuseCPDevOPS/FuseCP/security/code-scanning/2061"
"2062","cs/useless-assignment-to-local","FuseCP/Sources/FuseCP.Web.Services/SoapHeaderMessageInspector.cs","114","/language:csharp-server","https://github.com/FuseCPDevOPS/FuseCP/security/code-scanning/2062"
"2064","cs/useless-assignment-to-local","FuseCP/Sources/FuseCP.Server.Utils/BsdDES.cs","662","/language:csharp-server","https://github.com/FuseCPDevOPS/FuseCP/security/code-scanning/2064"
"2065","cs/useless-assignment-to-local","FuseCP/Sources/FuseCP.Providers.Web.IIS70/SSL/SSLModuleService.cs","517","/language:csharp-server","https://github.com/FuseCPDevOPS/FuseCP/security/code-scanning/2065"
"8810","cs/useless-assignment-to-local","FuseCP/Sources/FuseCP.Providers.Statistics.SmarterStats/SmarterStats.cs","330","/language:csharp-server","https://github.com/FuseCPDevOPS/FuseCP/security/code-scanning/8810"
"11318","cs/useless-assignment-to-local","FuseCP/Sources/FuseCP.Providers.Base/OS/OSInfo.cs","164","/language:csharp-server","https://github.com/FuseCPDevOPS/FuseCP/security/code-scanning/11318"
"11319","cs/useless-assignment-to-local","FuseCP/Sources/FuseCP.Providers.Base/OS/TunnelSockets/TunnelSocket.cs","715","/language:csharp-server","https://github.com/FuseCPDevOPS/FuseCP/security/code-scanning/11319"
"11320","cs/useless-assignment-to-local","FuseCP/Sources/FuseCP.Web.Clients/AssemblyLoader.cs","266","/language:csharp-server","https://github.com/FuseCPDevOPS/FuseCP/security/code-scanning/11320"
"11402","cs/useless-assignment-to-local","FuseCP/Sources/FuseCP.Providers.EnterpriseStorage.Windows2016/Windows2016.cs","366","/language:csharp-server","https://github.com/FuseCPDevOPS/FuseCP/security/code-scanning/11402"
"11403","cs/useless-assignment-to-local","FuseCP/Sources/FuseCP.Providers.FTP.VsFtp/CryptSharp/Utility/DesCipher.cs","178","/language:csharp-server","https://github.com/FuseCPDevOPS/FuseCP/security/code-scanning/11403"
"11404","cs/useless-assignment-to-local","FuseCP/Sources/FuseCP.Providers.FTP.VsFtp/CryptSharp/Utility/DesCipher.cs","178","/language:csharp-server","https://github.com/FuseCPDevOPS/FuseCP/security/code-scanning/11404"
"11405","cs/useless-assignment-to-local","FuseCP/Sources/FuseCP.Providers.FTP.VsFtp/CryptSharp/Utility/DesCipher.cs","202","/language:csharp-server","https://github.com/FuseCPDevOPS/FuseCP/security/code-scanning/11405"
"11406","cs/useless-assignment-to-local","FuseCP/Sources/FuseCP.Providers.HostedSolution/Exchange2007.cs","681","/language:csharp-server","https://github.com/FuseCPDevOPS/FuseCP/security/code-scanning/11406"
"11407","cs/useless-assignment-to-local","FuseCP/Sources/FuseCP.Providers.HostedSolution/OrganizationProvider.cs","1781","/language:csharp-server","https://github.com/FuseCPDevOPS/FuseCP/security/code-scanning/11407"
"11408","cs/useless-assignment-to-local","FuseCP/Sources/FuseCP.Providers.HostedSolution.Exchange2013/Exchange2013.cs","743","/language:csharp-server","https://github.com/FuseCPDevOPS/FuseCP/security/code-scanning/11408"
"11409","cs/useless-assignment-to-local","FuseCP/Sources/FuseCP.Providers.HostedSolution.Exchange2016/Exchange2016.cs","743","/language:csharp-server","https://github.com/FuseCPDevOPS/FuseCP/security/code-scanning/11409"
"11410","cs/useless-assignment-to-local","FuseCP/Sources/FuseCP.Providers.HostedSolution.Exchange2019/Exchange2019.cs","742","/language:csharp-server","https://github.com/FuseCPDevOPS/FuseCP/security/code-scanning/11410"
"11515","cs/useless-assignment-to-local","FuseCP/Sources/FuseCP.Providers.TerminalServices.Windows2012/Windows2012.cs","1926","/language:csharp-server","https://github.com/FuseCPDevOPS/FuseCP/security/code-scanning/11515"
"12272","cs/useless-assignment-to-local","FuseCP/Sources/FuseCP.Providers.DNS.MsDNS2012/DnsCommands.cs","78","/language:csharp-server","https://github.com/FuseCPDevOPS/FuseCP/security/code-scanning/12272"
"12273","cs/useless-assignment-to-local","FuseCP/Sources/FuseCP.Providers.HostedSolution/Exchange2007.cs","695","/language:csharp-server","https://github.com/FuseCPDevOPS/FuseCP/security/code-scanning/12273"
"12274","cs/useless-assignment-to-local","FuseCP/Sources/FuseCP.Providers.HostedSolution/Exchange2007.cs","696","/language:csharp-server","https://github.com/FuseCPDevOPS/FuseCP/security/code-scanning/12274"
"12275","cs/useless-assignment-to-local","FuseCP/Sources/FuseCP.Providers.HostedSolution.Exchange2013/Exchange2013.cs","757","/language:csharp-server","https://github.com/FuseCPDevOPS/FuseCP/security/code-scanning/12275"
"12276","cs/useless-assignment-to-local","FuseCP/Sources/FuseCP.Providers.HostedSolution.Exchange2013/Exchange2013.cs","758","/language:csharp-server","https://github.com/FuseCPDevOPS/FuseCP/security/code-scanning/12276"
"12277","cs/useless-assignment-to-local","FuseCP/Sources/FuseCP.Providers.HostedSolution.Exchange2016/Exchange2016.cs","757","/language:csharp-server","https://github.com/FuseCPDevOPS/FuseCP/security/code-scanning/12277"
"12278","cs/useless-assignment-to-local","FuseCP/Sources/FuseCP.Providers.HostedSolution.Exchange2016/Exchange2016.cs","758","/language:csharp-server","https://github.com/FuseCPDevOPS/FuseCP/security/code-scanning/12278"
"12279","cs/useless-assignment-to-local","FuseCP/Sources/FuseCP.Providers.HostedSolution.Exchange2019/Exchange2019.cs","756","/language:csharp-server","https://github.com/FuseCPDevOPS/FuseCP/security/code-scanning/12279"
"12280","cs/useless-assignment-to-local","FuseCP/Sources/FuseCP.Providers.HostedSolution.Exchange2019/Exchange2019.cs","757","/language:csharp-server","https://github.com/FuseCPDevOPS/FuseCP/security/code-scanning/12280"
"7882","cs/missed-ternary-operator","FuseCP/Sources/FuseCP.Build/WebServices.cs","79","/language:csharp-server","https://github.com/FuseCPDevOPS/FuseCP/security/code-scanning/7882"
"8026","cs/missed-ternary-operator","FuseCP/Sources/FuseCP.Providers.Base/Common/ByteBufferPool.cs","119","/language:csharp-server","https://github.com/FuseCPDevOPS/FuseCP/security/code-scanning/8026"
"8030","cs/missed-ternary-operator","FuseCP/Sources/FuseCP.Providers.Base/HostedSolution/ActiveDirectoryUtils.cs","402","/language:csharp-server","https://github.com/FuseCPDevOPS/FuseCP/security/code-scanning/8030"
"8031","cs/missed-ternary-operator","FuseCP/Sources/FuseCP.Providers.Base/HostedSolution/ActiveDirectoryUtils.cs","487","/language:csharp-server","https://github.com/FuseCPDevOPS/FuseCP/security/code-scanning/8031"
"8033","cs/missed-ternary-operator","FuseCP/Sources/FuseCP.Providers.Base/OS/TunnelSockets/SshTunnel.cs","94","/language:csharp-server","https://github.com/FuseCPDevOPS/FuseCP/security/code-scanning/8033"
"8035","cs/missed-ternary-operator","FuseCP/Sources/FuseCP.Providers.Base/OS/TunnelSockets/SshTunnel.cs","134","/language:csharp-server","https://github.com/FuseCPDevOPS/FuseCP/security/code-scanning/8035"
"8037","cs/missed-ternary-operator","FuseCP/Sources/FuseCP.Providers.Base/OS/TunnelSockets/SshUri.cs","93","/language:csharp-server","https://github.com/FuseCPDevOPS/FuseCP/security/code-scanning/8037"
"8038","cs/missed-ternary-operator","FuseCP/Sources/FuseCP.Providers.Base/OS/TunnelSockets/SshUri.cs","99","/language:csharp-server","https://github.com/FuseCPDevOPS/FuseCP/security/code-scanning/8038"
"8039","cs/missed-ternary-operator","FuseCP/Sources/FuseCP.Providers.Base/OS/TunnelSockets/SshUri.cs","105","/language:csharp-server","https://github.com/FuseCPDevOPS/FuseCP/security/code-scanning/8039"
"8041","cs/missed-ternary-operator","FuseCP/Sources/FuseCP.Providers.Base/OS/TunnelSockets/SshUri.cs","115","/language:csharp-server","https://github.com/FuseCPDevOPS/FuseCP/security/code-scanning/8041"
"8044","cs/missed-ternary-operator","FuseCP/Sources/FuseCP.Providers.Base/OS/WindowsOSInfo.cs","382","/language:csharp-server","https://github.com/FuseCPDevOPS/FuseCP/security/code-scanning/8044"
"8052","cs/missed-ternary-operator","FuseCP/Sources/FuseCP.Providers.Base/OS/WindowsOSInfo.cs","511","/language:csharp-server","https://github.com/FuseCPDevOPS/FuseCP/security/code-scanning/8052"
"8054","cs/missed-ternary-operator","FuseCP/Sources/FuseCP.Providers.Base/OS/WSLShell.cs","587","/language:csharp-server","https://github.com/FuseCPDevOPS/FuseCP/security/code-scanning/8054"
"8055","cs/missed-ternary-operator","FuseCP/Sources/FuseCP.Providers.Base/OS/WSLShell.cs","641","/language:csharp-server","https://github.com/FuseCPDevOPS/FuseCP/security/code-scanning/8055"
"8058","cs/missed-ternary-operator","FuseCP/Sources/FuseCP.Providers.Database.SqlServer/MsSqlServer.cs","200","/language:csharp-server","https://github.com/FuseCPDevOPS/FuseCP/security/code-scanning/8058"
"8059","cs/missed-ternary-operator","FuseCP/Sources/FuseCP.Providers.Database.SqlServer/MsSqlServer.Legacy.cs","187","/language:csharp-server","https://github.com/FuseCPDevOPS/FuseCP/security/code-scanning/8059"
"8065","cs/missed-ternary-operator","FuseCP/Sources/FuseCP.Server.Utils/FileUtils.cs","225","/language:csharp-server","https://github.com/FuseCPDevOPS/FuseCP/security/code-scanning/8065"
"8084","cs/missed-ternary-operator","FuseCP/Sources/FuseCP.Web.Clients/ClientBase.cs","356","/language:csharp-server","https://github.com/FuseCPDevOPS/FuseCP/security/code-scanning/8084"
"10523","cs/missed-ternary-operator","FuseCP/Sources/FuseCP.Providers.DNS.MsDNS/MsDNS.cs","1160","/language:csharp-server","https://github.com/FuseCPDevOPS/FuseCP/security/code-scanning/10523"
"10526","cs/missed-ternary-operator","FuseCP/Sources/FuseCP.Providers.DNS.MsDNS2016/RecordConverter.cs","184","/language:csharp-server","https://github.com/FuseCPDevOPS/FuseCP/security/code-scanning/10526"
"10527","cs/missed-ternary-operator","FuseCP/Sources/FuseCP.Providers.DNS.PowerDNS/PowerDNS.cs","87","/language:csharp-server","https://github.com/FuseCPDevOPS/FuseCP/security/code-scanning/10527"
"10528","cs/missed-ternary-operator","FuseCP/Sources/FuseCP.Providers.DNS.SimpleDNS/SimpleDNS.cs","113","/language:csharp-server","https://github.com/FuseCPDevOPS/FuseCP/security/code-scanning/10528"
"10532","cs/missed-ternary-operator","FuseCP/Sources/FuseCP.Providers.DNS.PowerDNS/PowerDNS.cs","1006","/language:csharp-server","https://github.com/FuseCPDevOPS/FuseCP/security/code-scanning/10532"
"10533","cs/missed-ternary-operator","FuseCP/Sources/FuseCP.Providers.DNS.PowerDNS/PowerDNS.cs","1163","/language:csharp-server","https://github.com/FuseCPDevOPS/FuseCP/security/code-scanning/10533"
"10540","cs/missed-ternary-operator","FuseCP/Sources/FuseCP.Providers.Database.MySQL/MySqlServer.cs","89","/language:csharp-server","https://github.com/FuseCPDevOPS/FuseCP/security/code-scanning/10540"
"10541","cs/missed-ternary-operator","FuseCP/Sources/FuseCP.Providers.EnterpriseStorage.Windows2016/Windows2016.cs","557","/language:csharp-server","https://github.com/FuseCPDevOPS/FuseCP/security/code-scanning/10541"
"10542","cs/missed-ternary-operator","FuseCP/Sources/FuseCP.Providers.FTP.IIs100/MsFTP100.cs","875","/language:csharp-server","https://github.com/FuseCPDevOPS/FuseCP/security/code-scanning/10542"
"10543","cs/missed-ternary-operator","FuseCP/Sources/FuseCP.Providers.FTP.VsFtp/CryptSharp/PhpassCrypter.cs","115","/language:csharp-server","https://github.com/FuseCPDevOPS/FuseCP/security/code-scanning/10543"
"10544","cs/missed-ternary-operator","FuseCP/Sources/FuseCP.Providers.FTP.VsFtp/CryptSharp/Utility/BlowfishCipher.cs","242","/language:csharp-server","https://github.com/FuseCPDevOPS/FuseCP/security/code-scanning/10544"
"10549","cs/missed-ternary-operator","FuseCP/Sources/FuseCP.Providers.HostedSolution/OrganizationProvider.cs","455","/language:csharp-server","https://github.com/FuseCPDevOPS/FuseCP/security/code-scanning/10549"
"10550","cs/missed-ternary-operator","FuseCP/Sources/FuseCP.Providers.HostedSolution/OrganizationProvider.cs","466","/language:csharp-server","https://github.com/FuseCPDevOPS/FuseCP/security/code-scanning/10550"
"10554","cs/missed-ternary-operator","FuseCP/Sources/FuseCP.Providers.HostedSolution/Exchange2007.cs","6742","/language:csharp-server","https://github.com/FuseCPDevOPS/FuseCP/security/code-scanning/10554"
"10555","cs/missed-ternary-operator","FuseCP/Sources/FuseCP.Providers.HostedSolution/Exchange2007.cs","6890","/language:csharp-server","https://github.com/FuseCPDevOPS/FuseCP/security/code-scanning/10555"
"10556","cs/missed-ternary-operator","FuseCP/Sources/FuseCP.Providers.HostedSolution/Exchange2007.cs","6916","/language:csharp-server","https://github.com/FuseCPDevOPS/FuseCP/security/code-scanning/10556"
"10557","cs/missed-ternary-operator","FuseCP/Sources/FuseCP.Providers.HostedSolution/Exchange2007.cs","6930","/language:csharp-server","https://github.com/FuseCPDevOPS/FuseCP/security/code-scanning/10557"
"10558","cs/missed-ternary-operator","FuseCP/Sources/FuseCP.Providers.HostedSolution/Exchange2007.cs","6944","/language:csharp-server","https://github.com/FuseCPDevOPS/FuseCP/security/code-scanning/10558"
"10559","cs/missed-ternary-operator","FuseCP/Sources/FuseCP.Providers.HostedSolution/Exchange2007.cs","6959","/language:csharp-server","https://github.com/FuseCPDevOPS/FuseCP/security/code-scanning/10559"
"10560","cs/missed-ternary-operator","FuseCP/Sources/FuseCP.Providers.HostedSolution/Exchange2007.cs","6973","/language:csharp-server","https://github.com/FuseCPDevOPS/FuseCP/security/code-scanning/10560"
"10561","cs/missed-ternary-operator","FuseCP/Sources/FuseCP.Providers.HostedSolution/Exchange2007.cs","7025","/language:csharp-server","https://github.com/FuseCPDevOPS/FuseCP/security/code-scanning/10561"
"10564","cs/missed-ternary-operator","FuseCP/Sources/FuseCP.Providers.HostedSolution.Exchange2016/Exchange2016.cs","3169","/language:csharp-server","https://github.com/FuseCPDevOPS/FuseCP/security/code-scanning/10564"
"10565","cs/missed-ternary-operator","FuseCP/Sources/FuseCP.Providers.HostedSolution.Exchange2019/Exchange2019.cs","3169","/language:csharp-server","https://github.com/FuseCPDevOPS/FuseCP/security/code-scanning/10565"
"10568","cs/missed-ternary-operator","FuseCP/Sources/FuseCP.Providers.HostedSolution.Exchange2013/Exchange2013.cs","7753","/language:csharp-server","https://github.com/FuseCPDevOPS/FuseCP/security/code-scanning/10568"
"10569","cs/missed-ternary-operator","FuseCP/Sources/FuseCP.Providers.HostedSolution.Exchange2013/Exchange2013.cs","7901","/language:csharp-server","https://github.com/FuseCPDevOPS/FuseCP/security/code-scanning/10569"
"10570","cs/missed-ternary-operator","FuseCP/Sources/FuseCP.Providers.HostedSolution.Exchange2013/Exchange2013.cs","7949","/language:csharp-server","https://github.com/FuseCPDevOPS/FuseCP/security/code-scanning/10570"
"10571","cs/missed-ternary-operator","FuseCP/Sources/FuseCP.Providers.HostedSolution.Exchange2016/Exchange2016.cs","7787","/language:csharp-server","https://github.com/FuseCPDevOPS/FuseCP/security/code-scanning/10571"
"10572","cs/missed-ternary-operator","FuseCP/Sources/FuseCP.Providers.HostedSolution.Exchange2013/Exchange2013.cs","8018","/language:csharp-server","https://github.com/FuseCPDevOPS/FuseCP/security/code-scanning/10572"
"10573","cs/missed-ternary-operator","FuseCP/Sources/FuseCP.Providers.HostedSolution.Exchange2013/Exchange2013.cs","8032","/language:csharp-server","https://github.com/FuseCPDevOPS/FuseCP/security/code-scanning/10573"
"10574","cs/missed-ternary-operator","FuseCP/Sources/FuseCP.Providers.HostedSolution.Exchange2013/Exchange2013.cs","8047","/language:csharp-server","https://github.com/FuseCPDevOPS/FuseCP/security/code-scanning/10574"
"10575","cs/missed-ternary-operator","FuseCP/Sources/FuseCP.Providers.HostedSolution.Exchange2013/Exchange2013.cs","8061","/language:csharp-server","https://github.com/FuseCPDevOPS/FuseCP/security/code-scanning/10575"
"10576","cs/missed-ternary-operator","FuseCP/Sources/FuseCP.Providers.HostedSolution.Exchange2013/Exchange2013.cs","8113","/language:csharp-server","https://github.com/FuseCPDevOPS/FuseCP/security/code-scanning/10576"
"10577","cs/missed-ternary-operator","FuseCP/Sources/FuseCP.Providers.HostedSolution.Exchange2016/Exchange2016.cs","7935","/language:csharp-server","https://github.com/FuseCPDevOPS/FuseCP/security/code-scanning/10577"
"10578","cs/missed-ternary-operator","FuseCP/Sources/FuseCP.Providers.HostedSolution.Exchange2016/Exchange2016.cs","7983","/language:csharp-server","https://github.com/FuseCPDevOPS/FuseCP/security/code-scanning/10578"
"10579","cs/missed-ternary-operator","FuseCP/Sources/FuseCP.Providers.HostedSolution.Exchange2016/Exchange2016.cs","8052","/language:csharp-server","https://github.com/FuseCPDevOPS/FuseCP/security/code-scanning/10579"
"10580","cs/missed-ternary-operator","FuseCP/Sources/FuseCP.Providers.HostedSolution.Exchange2016/Exchange2016.cs","8066","/language:csharp-server","https://github.com/FuseCPDevOPS/FuseCP/security/code-scanning/10580"
"10581","cs/missed-ternary-operator","FuseCP/Sources/FuseCP.Providers.HostedSolution.Exchange2016/Exchange2016.cs","8081","/language:csharp-server","https://github.com/FuseCPDevOPS/FuseCP/security/code-scanning/10581"
"10582","cs/missed-ternary-operator","FuseCP/Sources/FuseCP.Providers.HostedSolution.Exchange2016/Exchange2016.cs","8095","/language:csharp-server","https://github.com/FuseCPDevOPS/FuseCP/security/code-scanning/10582"
"10583","cs/missed-ternary-operator","FuseCP/Sources/FuseCP.Providers.HostedSolution.Exchange2016/Exchange2016.cs","8147","/language:csharp-server","https://github.com/FuseCPDevOPS/FuseCP/security/code-scanning/10583"
"10586","cs/missed-ternary-operator","FuseCP/Sources/FuseCP.Providers.HostedSolution.Exchange2019/Exchange2019.cs","7787","/language:csharp-server","https://github.com/FuseCPDevOPS/FuseCP/security/code-scanning/10586"
"10587","cs/missed-ternary-operator","FuseCP/Sources/FuseCP.Providers.HostedSolution.Exchange2019/Exchange2019.cs","7935","/language:csharp-server","https://github.com/FuseCPDevOPS/FuseCP/security/code-scanning/10587"
"10588","cs/missed-ternary-operator","FuseCP/Sources/FuseCP.Providers.HostedSolution.Exchange2019/Exchange2019.cs","7983","/language:csharp-server","https://github.com/FuseCPDevOPS/FuseCP/security/code-scanning/10588"
"10589","cs/missed-ternary-operator","FuseCP/Sources/FuseCP.Providers.HostedSolution.Exchange2019/Exchange2019.cs","8052","/language:csharp-server","https://github.com/FuseCPDevOPS/FuseCP/security/code-scanning/10589"
"10590","cs/missed-ternary-operator","FuseCP/Sources/FuseCP.Providers.HostedSolution.Exchange2019/Exchange2019.cs","8066","/language:csharp-server","https://github.com/FuseCPDevOPS/FuseCP/security/code-scanning/10590"
"10591","cs/missed-ternary-operator","FuseCP/Sources/FuseCP.Providers.HostedSolution.Exchange2019/Exchange2019.cs","8081","/language:csharp-server","https://github.com/FuseCPDevOPS/FuseCP/security/code-scanning/10591"
"10592","cs/missed-ternary-operator","FuseCP/Sources/FuseCP.Providers.HostedSolution.Exchange2019/Exchange2019.cs","8095","/language:csharp-server","https://github.com/FuseCPDevOPS/FuseCP/security/code-scanning/10592"
"10593","cs/missed-ternary-operator","FuseCP/Sources/FuseCP.Providers.HostedSolution.Exchange2019/Exchange2019.cs","8147","/language:csharp-server","https://github.com/FuseCPDevOPS/FuseCP/security/code-scanning/10593"
"10594","cs/missed-ternary-operator","FuseCP/Sources/FuseCP.Providers.HostedSolution.SharePoint2013/HostedSharePointServer2013Impl.cs","192","/language:csharp-server","https://github.com/FuseCPDevOPS/FuseCP/security/code-scanning/10594"
"10595","cs/missed-ternary-operator","FuseCP/Sources/FuseCP.Providers.HostedSolution.SharePoint2013/HostedSharePointServer2013Impl.cs","201","/language:csharp-server","https://github.com/FuseCPDevOPS/FuseCP/security/code-scanning/10595"
"10596","cs/missed-ternary-operator","FuseCP/Sources/FuseCP.Providers.HostedSolution.SharePoint2013Ent/HostedSharePointServer2013EntImpl.cs","192","/language:csharp-server","https://github.com/FuseCPDevOPS/FuseCP/security/code-scanning/10596"
"10597","cs/missed-ternary-operator","FuseCP/Sources/FuseCP.Providers.HostedSolution.SharePoint2013Ent/HostedSharePointServer2013EntImpl.cs","201","/language:csharp-server","https://github.com/FuseCPDevOPS/FuseCP/security/code-scanning/10597"
"10598","cs/missed-ternary-operator","FuseCP/Sources/FuseCP.Providers.HostedSolution.SharePoint2016/HostedSharePointServer2016Impl.cs","192","/language:csharp-server","https://github.com/FuseCPDevOPS/FuseCP/security/code-scanning/10598"
"10599","cs/missed-ternary-operator","FuseCP/Sources/FuseCP.Providers.HostedSolution.SharePoint2016/HostedSharePointServer2016Impl.cs","201","/language:csharp-server","https://github.com/FuseCPDevOPS/FuseCP/security/code-scanning/10599"
"10600","cs/missed-ternary-operator","FuseCP/Sources/FuseCP.Providers.HostedSolution.SharePoint2016Ent/HostedSharePointServer2016EntImpl.cs","192","/language:csharp-server","https://github.com/FuseCPDevOPS/FuseCP/security/code-scanning/10600"
"10601","cs/missed-ternary-operator","FuseCP/Sources/FuseCP.Providers.HostedSolution.SharePoint2016Ent/HostedSharePointServer2016EntImpl.cs","201","/language:csharp-server","https://github.com/FuseCPDevOPS/FuseCP/security/code-scanning/10601"
"10602","cs/missed-ternary-operator","FuseCP/Sources/FuseCP.Providers.HostedSolution.SharePoint2019/HostedSharePointServer2019Impl.cs","192","/language:csharp-server","https://github.com/FuseCPDevOPS/FuseCP/security/code-scanning/10602"
"10603","cs/missed-ternary-operator","FuseCP/Sources/FuseCP.Providers.HostedSolution.SharePoint2019/HostedSharePointServer2019Impl.cs","201","/language:csharp-server","https://github.com/FuseCPDevOPS/FuseCP/security/code-scanning/10603"
"10604","cs/missed-ternary-operator","FuseCP/Sources/FuseCP.Providers.Mail.SmarterMail10/SmarterMail10.cs","508","/language:csharp-server","https://github.com/FuseCPDevOPS/FuseCP/security/code-scanning/10604"
"10605","cs/missed-ternary-operator","FuseCP/Sources/FuseCP.Providers.Mail.SmarterMail10/SmarterMail10.cs","1370","/language:csharp-server","https://github.com/FuseCPDevOPS/FuseCP/security/code-scanning/10605"
"10606","cs/missed-ternary-operator","FuseCP/Sources/FuseCP.Providers.Mail.SmarterMail10/SmarterMail10.cs","1385","/language:csharp-server","https://github.com/FuseCPDevOPS/FuseCP/security/code-scanning/10606"
"10607","cs/missed-ternary-operator","FuseCP/Sources/FuseCP.Providers.Mail.SmarterMail10/SmarterMail10.cs","1812","/language:csharp-server","https://github.com/FuseCPDevOPS/FuseCP/security/code-scanning/10607"
"10608","cs/missed-ternary-operator","FuseCP/Sources/FuseCP.Providers.Mail.SmarterMail10/SmarterMail10.cs","1817","/language:csharp-server","https://github.com/FuseCPDevOPS/FuseCP/security/code-scanning/10608"
"10609","cs/missed-ternary-operator","FuseCP/Sources/FuseCP.Providers.Mail.SmarterMail100/SmarterMail100.cs","1599","/language:csharp-server","https://github.com/FuseCPDevOPS/FuseCP/security/code-scanning/10609"
"10610","cs/missed-ternary-operator","FuseCP/Sources/FuseCP.Providers.Mail.SmarterMail100/SmarterMail100.cs","2226","/language:csharp-server","https://github.com/FuseCPDevOPS/FuseCP/security/code-scanning/10610"
"10611","cs/missed-ternary-operator","FuseCP/Sources/FuseCP.Providers.Mail.SmarterMail100/SmarterMail100.cs","2231","/language:csharp-server","https://github.com/FuseCPDevOPS/FuseCP/security/code-scanning/10611"
"10615","cs/missed-ternary-operator","FuseCP/Sources/FuseCP.Providers.Mail.SmarterMail2/SmarterMail2.cs","338","/language:csharp-server","https://github.com/FuseCPDevOPS/FuseCP/security/code-scanning/10615"
"10616","cs/missed-ternary-operator","FuseCP/Sources/FuseCP.Providers.Mail.SmarterMail5/SmarterMail5.cs","178","/language:csharp-server","https://github.com/FuseCPDevOPS/FuseCP/security/code-scanning/10616"
"10617","cs/missed-ternary-operator","FuseCP/Sources/FuseCP.Providers.Mail.SmarterMail6/SmarterMail6.cs","504","/language:csharp-server","https://github.com/FuseCPDevOPS/FuseCP/security/code-scanning/10617"
"10618","cs/missed-ternary-operator","FuseCP/Sources/FuseCP.Providers.Mail.SmarterMail6/SmarterMail6.cs","1803","/language:csharp-server","https://github.com/FuseCPDevOPS/FuseCP/security/code-scanning/10618"
"10619","cs/missed-ternary-operator","FuseCP/Sources/FuseCP.Providers.Mail.SmarterMail6/SmarterMail6.cs","1808","/language:csharp-server","https://github.com/FuseCPDevOPS/FuseCP/security/code-scanning/10619"
"10620","cs/missed-ternary-operator","FuseCP/Sources/FuseCP.Providers.Mail.SmarterMail7/SmarterMail7.cs","504","/language:csharp-server","https://github.com/FuseCPDevOPS/FuseCP/security/code-scanning/10620"
"10621","cs/missed-ternary-operator","FuseCP/Sources/FuseCP.Providers.Mail.SmarterMail7/SmarterMail7.cs","1775","/language:csharp-server","https://github.com/FuseCPDevOPS/FuseCP/security/code-scanning/10621"
"10622","cs/missed-ternary-operator","FuseCP/Sources/FuseCP.Providers.Mail.SmarterMail7/SmarterMail7.cs","1780","/language:csharp-server","https://github.com/FuseCPDevOPS/FuseCP/security/code-scanning/10622"
"10623","cs/missed-ternary-operator","FuseCP/Sources/FuseCP.Providers.Mail.SmarterMail9/SmarterMail9.cs","508","/language:csharp-server","https://github.com/FuseCPDevOPS/FuseCP/security/code-scanning/10623"
"10624","cs/missed-ternary-operator","FuseCP/Sources/FuseCP.Providers.Mail.SmarterMail9/SmarterMail9.cs","1350","/language:csharp-server","https://github.com/FuseCPDevOPS/FuseCP/security/code-scanning/10624"
"10625","cs/missed-ternary-operator","FuseCP/Sources/FuseCP.Providers.Mail.SmarterMail9/SmarterMail9.cs","1365","/language:csharp-server","https://github.com/FuseCPDevOPS/FuseCP/security/code-scanning/10625"
"10626","cs/missed-ternary-operator","FuseCP/Sources/FuseCP.Providers.Mail.SmarterMail9/SmarterMail9.cs","1793","/language:csharp-server","https://github.com/FuseCPDevOPS/FuseCP/security/code-scanning/10626"
"10627","cs/missed-ternary-operator","FuseCP/Sources/FuseCP.Providers.Mail.SmarterMail9/SmarterMail9.cs","1798","/language:csharp-server","https://github.com/FuseCPDevOPS/FuseCP/security/code-scanning/10627"
"10628","cs/missed-ternary-operator","FuseCP/Sources/FuseCP.Providers.OS.Unix/ServiceControllers/LaunchdServcieController.cs","77","/language:csharp-server","https://github.com/FuseCPDevOPS/FuseCP/security/code-scanning/10628"
"10629","cs/missed-ternary-operator","FuseCP/Sources/FuseCP.Providers.OS.Unix/ServiceControllers/SystemdServiceController.cs","175","/language:csharp-server","https://github.com/FuseCPDevOPS/FuseCP/security/code-scanning/10629"
"10630","cs/missed-ternary-operator","FuseCP/Sources/FuseCP.Providers.OS.Unix/ServiceControllers/SystemdServiceController.cs","192","/language:csharp-server","https://github.com/FuseCPDevOPS/FuseCP/security/code-scanning/10630"
"10636","cs/missed-ternary-operator","FuseCP/Sources/FuseCP.Providers.TerminalServices.Windows2012/Windows2012.cs","2333","/language:csharp-server","https://github.com/FuseCPDevOPS/FuseCP/security/code-scanning/10636"
"10638","cs/missed-ternary-operator","FuseCP/Sources/FuseCP.Providers.Virtualization.HyperV-2012R2/Helpers/VirtualMachineHelper.cs","93","/language:csharp-server","https://github.com/FuseCPDevOPS/FuseCP/security/code-scanning/10638"
"10641","cs/missed-ternary-operator","FuseCP/Sources/FuseCP.Providers.Virtualization.HyperV-2012R2/HyperV2012R2.cs","1549","/language:csharp-server","https://github.com/FuseCPDevOPS/FuseCP/security/code-scanning/10641"
"10642","cs/missed-ternary-operator","FuseCP/Sources/FuseCP.Providers.Virtualization.HyperV-2012R2/HyperV2012R2.cs","2542","/language:csharp-server","https://github.com/FuseCPDevOPS/FuseCP/security/code-scanning/10642"
"10645","cs/missed-ternary-operator","FuseCP/Sources/FuseCP.Providers.Virtualization.Proxmox/Helpers/ProxmoxVHDHelper.cs","47","/language:csharp-server","https://github.com/FuseCPDevOPS/FuseCP/security/code-scanning/10645"
"10646","cs/missed-ternary-operator","FuseCP/Sources/FuseCP.Providers.Web.Apache/Apache24.cs","477","/language:csharp-server","https://github.com/FuseCPDevOPS/FuseCP/security/code-scanning/10646"
"10647","cs/missed-ternary-operator","FuseCP/Sources/FuseCP.Providers.Virtualization.Proxmox/Proxmoxvps.cs","704","/language:csharp-server","https://github.com/FuseCPDevOPS/FuseCP/security/code-scanning/10647"
"10648","cs/missed-ternary-operator","FuseCP/Sources/FuseCP.Providers.Virtualization.Proxmox/Proxmoxvps.cs","755","/language:csharp-server","https://github.com/FuseCPDevOPS/FuseCP/security/code-scanning/10648"
"10649","cs/missed-ternary-operator","FuseCP/Sources/FuseCP.Providers.Virtualization.Proxmox/Proxmoxvps.cs","773","/language:csharp-server","https://github.com/FuseCPDevOPS/FuseCP/security/code-scanning/10649"
"10650","cs/missed-ternary-operator","FuseCP/Sources/FuseCP.Providers.Virtualization.Proxmox/Proxmoxvps.cs","1095","/language:csharp-server","https://github.com/FuseCPDevOPS/FuseCP/security/code-scanning/10650"
"10651","cs/missed-ternary-operator","FuseCP/Sources/FuseCP.Providers.Virtualization.Proxmox/Proxmoxvps.cs","1119","/language:csharp-server","https://github.com/FuseCPDevOPS/FuseCP/security/code-scanning/10651"
"10652","cs/missed-ternary-operator","FuseCP/Sources/FuseCP.Providers.Virtualization.Proxmox/Proxmoxvps.cs","1141","/language:csharp-server","https://github.com/FuseCPDevOPS/FuseCP/security/code-scanning/10652"
"10653","cs/missed-ternary-operator","FuseCP/Sources/FuseCP.Providers.Virtualization.Proxmox/Proxmoxvps.cs","1173","/language:csharp-server","https://github.com/FuseCPDevOPS/FuseCP/security/code-scanning/10653"
"10654","cs/missed-ternary-operator","FuseCP/Sources/FuseCP.Providers.Web.Apache/ConfigSection.cs","76","/language:csharp-server","https://github.com/FuseCPDevOPS/FuseCP/security/code-scanning/10654"
"10655","cs/missed-ternary-operator","FuseCP/Sources/FuseCP.Providers.Web.Apache/ConfigSection.cs","599","/language:csharp-server","https://github.com/FuseCPDevOPS/FuseCP/security/code-scanning/10655"
"10656","cs/missed-ternary-operator","FuseCP/Sources/FuseCP.Providers.Web.IIS70/IIs70.cs","2453","/language:csharp-server","https://github.com/FuseCPDevOPS/FuseCP/security/code-scanning/10656"
"10657","cs/missed-ternary-operator","FuseCP/Sources/FuseCP.Providers.Web.IIS70/IIs70.cs","2474","/language:csharp-server","https://github.com/FuseCPDevOPS/FuseCP/security/code-scanning/10657"
"10658","cs/missed-ternary-operator","FuseCP/Sources/FuseCP.Providers.Web.IIS70/IIs70.cs","3508","/language:csharp-server","https://github.com/FuseCPDevOPS/FuseCP/security/code-scanning/10658"
"10660","cs/missed-ternary-operator","FuseCP/Sources/FuseCP.Providers.Web.IIs60/IIs60.cs","448","/language:csharp-server","https://github.com/FuseCPDevOPS/FuseCP/security/code-scanning/10660"
"10665","cs/missed-ternary-operator","FuseCP/Sources/FuseCP.Providers.Web.IIs60/IIs60.cs","459","/language:csharp-server","https://github.com/FuseCPDevOPS/FuseCP/security/code-scanning/10665"
"10666","cs/missed-ternary-operator","FuseCP/Sources/FuseCP.Providers.Web.IIs60/IIs60.cs","1049","/language:csharp-server","https://github.com/FuseCPDevOPS/FuseCP/security/code-scanning/10666"
"12289","cs/missed-ternary-operator","FuseCP/Sources/FuseCP.Providers.Mail.SmarterMail100/SmarterMail100.cs","2533","/language:csharp-server","https://github.com/FuseCPDevOPS/FuseCP/security/code-scanning/12289"
"12290","cs/missed-ternary-operator","FuseCP/Sources/FuseCP.Providers.Web.IIS70/IIs70.cs","4104","/language:csharp-server","https://github.com/FuseCPDevOPS/FuseCP/security/code-scanning/12290"
"5926","cs/catch-of-all-exceptions","FuseCP/Sources/FuseCP.Providers.Base/OS/Shell.cs","515","/language:csharp-server","https://github.com/FuseCPDevOPS/FuseCP/security/code-scanning/5926"
"5949","cs/catch-of-all-exceptions","FuseCP/Sources/FuseCP.Providers.DNS.MsDNS/MsDNS.cs","399","/language:csharp-server","https://github.com/FuseCPDevOPS/FuseCP/security/code-scanning/5949"
"7623","cs/catch-of-all-exceptions","FuseCP/Sources/FuseCP.Providers.Database.SqlServer/MsSqlServer.cs","117","/language:csharp-server","https://github.com/FuseCPDevOPS/FuseCP/security/code-scanning/7623"
"7625","cs/catch-of-all-exceptions","FuseCP/Sources/FuseCP.Providers.Database.SqlServer/MsSqlServer.Legacy.cs","106","/language:csharp-server","https://github.com/FuseCPDevOPS/FuseCP/security/code-scanning/7625"
"7627","cs/catch-of-all-exceptions","FuseCP/Sources/FuseCP.Providers.Database.SqlServer/MsSqlServer.cs","362","/language:csharp-server","https://github.com/FuseCPDevOPS/FuseCP/security/code-scanning/7627"
"7629","cs/catch-of-all-exceptions","FuseCP/Sources/FuseCP.Providers.Database.SqlServer/MsSqlServer.Legacy.cs","338","/language:csharp-server","https://github.com/FuseCPDevOPS/FuseCP/security/code-scanning/7629"
"7671","cs/catch-of-all-exceptions","FuseCP/Sources/FuseCP.Server.Utils/FileUtils.cs","890","/language:csharp-server","https://github.com/FuseCPDevOPS/FuseCP/security/code-scanning/7671"
"7672","cs/catch-of-all-exceptions","FuseCP/Sources/FuseCP.Server.Utils/FileUtils.cs","1117","/language:csharp-server","https://github.com/FuseCPDevOPS/FuseCP/security/code-scanning/7672"
"7674","cs/catch-of-all-exceptions","FuseCP/Sources/FuseCP.Server.Utils/SecurityUtils.cs","517","/language:csharp-server","https://github.com/FuseCPDevOPS/FuseCP/security/code-scanning/7674"
"7689","cs/catch-of-all-exceptions","FuseCP/Sources/FuseCP.Server.Utils/SecurityUtils.cs","1477","/language:csharp-server","https://github.com/FuseCPDevOPS/FuseCP/security/code-scanning/7689"
"7690","cs/catch-of-all-exceptions","FuseCP/Sources/FuseCP.Server.Utils/SecurityUtils.cs","1494","/language:csharp-server","https://github.com/FuseCPDevOPS/FuseCP/security/code-scanning/7690"
"7691","cs/catch-of-all-exceptions","FuseCP/Sources/FuseCP.Server.Utils/SecurityUtils.cs","1730","/language:csharp-server","https://github.com/FuseCPDevOPS/FuseCP/security/code-scanning/7691"
"7705","cs/catch-of-all-exceptions","FuseCP/Sources/FuseCP.Web.Clients/AssemblyLoader.cs","147","/language:csharp-server","https://github.com/FuseCPDevOPS/FuseCP/security/code-scanning/7705"
"7710","cs/catch-of-all-exceptions","FuseCP/Sources/FuseCP.Web.Services/RestAuthorizationManager.cs","70","/language:csharp-server","https://github.com/FuseCPDevOPS/FuseCP/security/code-scanning/7710"
"7711","cs/catch-of-all-exceptions","FuseCP/Sources/FuseCP.Web.Services/Server.cs","44","/language:csharp-server","https://github.com/FuseCPDevOPS/FuseCP/security/code-scanning/7711"
"8702","cs/catch-of-all-exceptions","FuseCP/Sources/FuseCP.Providers.DNS.SimpleDNS80/SimpleDNS8.cs","344","/language:csharp-server","https://github.com/FuseCPDevOPS/FuseCP/security/code-scanning/8702"
"8703","cs/catch-of-all-exceptions","FuseCP/Sources/FuseCP.Providers.DNS.SimpleDNS90/SimpleDNS9.cs","346","/language:csharp-server","https://github.com/FuseCPDevOPS/FuseCP/security/code-scanning/8703"
"8705","cs/catch-of-all-exceptions","FuseCP/Sources/FuseCP.Providers.Database.MariaDB/MariaDB101.cs","186","/language:csharp-server","https://github.com/FuseCPDevOPS/FuseCP/security/code-scanning/8705"
"8712","cs/catch-of-all-exceptions","FuseCP/Sources/FuseCP.Providers.Database.MySQL/MySqlServer.cs","201","/language:csharp-server","https://github.com/FuseCPDevOPS/FuseCP/security/code-scanning/8712"
"8806","cs/catch-of-all-exceptions","FuseCP/Sources/FuseCP.Providers.Database.SqlServer/MsSqlServer.cs","1588","/language:csharp-server","https://github.com/FuseCPDevOPS/FuseCP/security/code-scanning/8806"
"8807","cs/catch-of-all-exceptions","FuseCP/Sources/FuseCP.Providers.Database.SqlServer/MsSqlServer.Legacy.cs","1389","/language:csharp-server","https://github.com/FuseCPDevOPS/FuseCP/security/code-scanning/8807"
"8813","cs/catch-of-all-exceptions","FuseCP/Sources/FuseCP.Providers.DNS.SimpleDNS/SimpleDNS.cs","1058","/language:csharp-server","https://github.com/FuseCPDevOPS/FuseCP/security/code-scanning/8813"
"8826","cs/catch-of-all-exceptions","FuseCP/Sources/FuseCP.Providers.FTP.IIs100/MsFTP100.cs","271","/language:csharp-server","https://github.com/FuseCPDevOPS/FuseCP/security/code-scanning/8826"
"8901","cs/catch-of-all-exceptions","FuseCP/Sources/FuseCP.Providers.HostedSolution/HostedSharePointServerImpl.cs","559","/language:csharp-server","https://github.com/FuseCPDevOPS/FuseCP/security/code-scanning/8901"
"8902","cs/catch-of-all-exceptions","FuseCP/Sources/FuseCP.Providers.HostedSolution/OCS2007R2.cs","342","/language:csharp-server","https://github.com/FuseCPDevOPS/FuseCP/security/code-scanning/8902"
"8903","cs/catch-of-all-exceptions","FuseCP/Sources/FuseCP.Providers.HostedSolution/OCSEdge2007R2.cs","131","/language:csharp-server","https://github.com/FuseCPDevOPS/FuseCP/security/code-scanning/8903"
"8909","cs/catch-of-all-exceptions","FuseCP/Sources/FuseCP.Providers.HostedSolution/OrganizationProvider.cs","537","/language:csharp-server","https://github.com/FuseCPDevOPS/FuseCP/security/code-scanning/8909"
"8923","cs/catch-of-all-exceptions","FuseCP/Sources/FuseCP.Providers.HostedSolution/OrganizationProvider.cs","871","/language:csharp-server","https://github.com/FuseCPDevOPS/FuseCP/security/code-scanning/8923"
"8930","cs/catch-of-all-exceptions","FuseCP/Sources/FuseCP.Providers.HostedSolution/Lync2010.cs","1488","/language:csharp-server","https://github.com/FuseCPDevOPS/FuseCP/security/code-scanning/8930"
"8931","cs/catch-of-all-exceptions","FuseCP/Sources/FuseCP.Providers.HostedSolution/Lync2010.cs","1482","/language:csharp-server","https://github.com/FuseCPDevOPS/FuseCP/security/code-scanning/8931"
"9041","cs/catch-of-all-exceptions","FuseCP/Sources/FuseCP.Providers.HostedSolution.Exchange2013/Exchange2013.cs","8304","/language:csharp-server","https://github.com/FuseCPDevOPS/FuseCP/security/code-scanning/9041"
"9042","cs/catch-of-all-exceptions","FuseCP/Sources/FuseCP.Providers.HostedSolution.Exchange2013/Exchange2013.cs","8298","/language:csharp-server","https://github.com/FuseCPDevOPS/FuseCP/security/code-scanning/9042"
"9050","cs/catch-of-all-exceptions","FuseCP/Sources/FuseCP.Providers.HostedSolution.Exchange2013/Exchange2013.cs","8768","/language:csharp-server","https://github.com/FuseCPDevOPS/FuseCP/security/code-scanning/9050"
"9051","cs/catch-of-all-exceptions","FuseCP/Sources/FuseCP.Providers.HostedSolution.Exchange2013/Exchange2013.cs","8806","/language:csharp-server","https://github.com/FuseCPDevOPS/FuseCP/security/code-scanning/9051"
"9052","cs/catch-of-all-exceptions","FuseCP/Sources/FuseCP.Providers.HostedSolution.Exchange2013/Exchange2013.cs","8832","/language:csharp-server","https://github.com/FuseCPDevOPS/FuseCP/security/code-scanning/9052"
"9053","cs/catch-of-all-exceptions","FuseCP/Sources/FuseCP.Providers.HostedSolution.Exchange2013/Exchange2013.cs","8857","/language:csharp-server","https://github.com/FuseCPDevOPS/FuseCP/security/code-scanning/9053"
"9060","cs/catch-of-all-exceptions","FuseCP/Sources/FuseCP.Providers.HostedSolution.Lync2013HP/Lync2013HP.cs","1493","/language:csharp-server","https://github.com/FuseCPDevOPS/FuseCP/security/code-scanning/9060"
"9061","cs/catch-of-all-exceptions","FuseCP/Sources/FuseCP.Providers.HostedSolution.Lync2013HP/Lync2013HP.cs","1487","/language:csharp-server","https://github.com/FuseCPDevOPS/FuseCP/security/code-scanning/9061"
"9065","cs/catch-of-all-exceptions","FuseCP/Sources/FuseCP.Providers.HostedSolution.Exchange2016/Exchange2016.cs","8338","/language:csharp-server","https://github.com/FuseCPDevOPS/FuseCP/security/code-scanning/9065"
"9066","cs/catch-of-all-exceptions","FuseCP/Sources/FuseCP.Providers.HostedSolution.Exchange2016/Exchange2016.cs","8332","/language:csharp-server","https://github.com/FuseCPDevOPS/FuseCP/security/code-scanning/9066"
"9074","cs/catch-of-all-exceptions","FuseCP/Sources/FuseCP.Providers.HostedSolution.Exchange2016/Exchange2016.cs","8803","/language:csharp-server","https://github.com/FuseCPDevOPS/FuseCP/security/code-scanning/9074"
"9076","cs/catch-of-all-exceptions","FuseCP/Sources/FuseCP.Providers.HostedSolution.Exchange2016/Exchange2016.cs","8841","/language:csharp-server","https://github.com/FuseCPDevOPS/FuseCP/security/code-scanning/9076"
"9077","cs/catch-of-all-exceptions","FuseCP/Sources/FuseCP.Providers.HostedSolution.Exchange2016/Exchange2016.cs","8867","/language:csharp-server","https://github.com/FuseCPDevOPS/FuseCP/security/code-scanning/9077"
"9078","cs/catch-of-all-exceptions","FuseCP/Sources/FuseCP.Providers.HostedSolution.Exchange2016/Exchange2016.cs","8892","/language:csharp-server","https://github.com/FuseCPDevOPS/FuseCP/security/code-scanning/9078"
"9096","cs/catch-of-all-exceptions","FuseCP/Sources/FuseCP.Providers.HostedSolution.Exchange2019/Exchange2019.cs","8339","/language:csharp-server","https://github.com/FuseCPDevOPS/FuseCP/security/code-scanning/9096"
"9097","cs/catch-of-all-exceptions","FuseCP/Sources/FuseCP.Providers.HostedSolution.Exchange2019/Exchange2019.cs","8333","/language:csharp-server","https://github.com/FuseCPDevOPS/FuseCP/security/code-scanning/9097"
"9110","cs/catch-of-all-exceptions","FuseCP/Sources/FuseCP.Providers.HostedSolution.Exchange2019/Exchange2019.cs","8804","/language:csharp-server","https://github.com/FuseCPDevOPS/FuseCP/security/code-scanning/9110"
"9111","cs/catch-of-all-exceptions","FuseCP/Sources/FuseCP.Providers.HostedSolution.Exchange2019/Exchange2019.cs","8842","/language:csharp-server","https://github.com/FuseCPDevOPS/FuseCP/security/code-scanning/9111"
"9112","cs/catch-of-all-exceptions","FuseCP/Sources/FuseCP.Providers.HostedSolution.Exchange2019/Exchange2019.cs","8868","/language:csharp-server","https://github.com/FuseCPDevOPS/FuseCP/security/code-scanning/9112"
"9113","cs/catch-of-all-exceptions","FuseCP/Sources/FuseCP.Providers.HostedSolution.Exchange2019/Exchange2019.cs","8893","/language:csharp-server","https://github.com/FuseCPDevOPS/FuseCP/security/code-scanning/9113"
"9165","cs/catch-of-all-exceptions","FuseCP/Sources/FuseCP.Providers.Mail.IceWarp/IceWarp.cs","333","/language:csharp-server","https://github.com/FuseCPDevOPS/FuseCP/security/code-scanning/9165"
"9167","cs/catch-of-all-exceptions","FuseCP/Sources/FuseCP.Providers.Mail.IceWarp/IceWarp.cs","350","/language:csharp-server","https://github.com/FuseCPDevOPS/FuseCP/security/code-scanning/9167"
"9309","cs/catch-of-all-exceptions","FuseCP/Sources/FuseCP.Server/Code/Program.cs","77","/language:csharp-server","https://github.com/FuseCPDevOPS/FuseCP/security/code-scanning/9309"
"9528","cs/catch-of-all-exceptions","FuseCP/Sources/FuseCP.Providers.OS.Unix/Unix.cs","494","/language:csharp-server","https://github.com/FuseCPDevOPS/FuseCP/security/code-scanning/9528"
"9529","cs/catch-of-all-exceptions","FuseCP/Sources/FuseCP.Providers.OS.Unix/Unix.cs","512","/language:csharp-server","https://github.com/FuseCPDevOPS/FuseCP/security/code-scanning/9529"
"9530","cs/catch-of-all-exceptions","FuseCP/Sources/FuseCP.Providers.OS.Unix/Unix.cs","552","/language:csharp-server","https://github.com/FuseCPDevOPS/FuseCP/security/code-scanning/9530"
"9536","cs/catch-of-all-exceptions","FuseCP/Sources/FuseCP.Providers.OS.Windows2016/Windows2016.cs","1730","/language:csharp-server","https://github.com/FuseCPDevOPS/FuseCP/security/code-scanning/9536"
"9540","cs/catch-of-all-exceptions","FuseCP/Sources/FuseCP.Providers.OS.Windows2019/Windows2019.cs","274","/language:csharp-server","https://github.com/FuseCPDevOPS/FuseCP/security/code-scanning/9540"
"9543","cs/catch-of-all-exceptions","FuseCP/Sources/FuseCP.Providers.OS.Windows2022/Windows2022.cs","274","/language:csharp-server","https://github.com/FuseCPDevOPS/FuseCP/security/code-scanning/9543"
"9546","cs/catch-of-all-exceptions","FuseCP/Sources/FuseCP.Providers.OS.Windows2025/Windows2025.cs","274","/language:csharp-server","https://github.com/FuseCPDevOPS/FuseCP/security/code-scanning/9546"
"9551","cs/catch-of-all-exceptions","FuseCP/Sources/FuseCP.Providers.Statistics.SmarterStats/SmarterStats.cs","48","/language:csharp-server","https://github.com/FuseCPDevOPS/FuseCP/security/code-scanning/9551"
"9552","cs/catch-of-all-exceptions","FuseCP/Sources/FuseCP.Providers.Statistics.SmarterStats/SmarterStats.cs","63","/language:csharp-server","https://github.com/FuseCPDevOPS/FuseCP/security/code-scanning/9552"
"9553","cs/catch-of-all-exceptions","FuseCP/Sources/FuseCP.Providers.Statistics.SmarterStats/SmarterStats.cs","73","/language:csharp-server","https://github.com/FuseCPDevOPS/FuseCP/security/code-scanning/9553"
"9554","cs/catch-of-all-exceptions","FuseCP/Sources/FuseCP.Providers.Statistics.SmarterStats/SmarterStats.cs","78","/language:csharp-server","https://github.com/FuseCPDevOPS/FuseCP/security/code-scanning/9554"
"9555","cs/catch-of-all-exceptions","FuseCP/Sources/FuseCP.Providers.StorageSpaces.Windows2016/Windows2016.cs","273","/language:csharp-server","https://github.com/FuseCPDevOPS/FuseCP/security/code-scanning/9555"
"9569","cs/catch-of-all-exceptions","FuseCP/Sources/FuseCP.Providers.Virtualization.HyperV-2012R2/Helpers/FileSystemHelper.cs","113","/language:csharp-server","https://github.com/FuseCPDevOPS/FuseCP/security/code-scanning/9569"
"9572","cs/catch-of-all-exceptions","FuseCP/Sources/FuseCP.Providers.Virtualization.HyperV-2012R2/Helpers/JobHelper.cs","75","/language:csharp-server","https://github.com/FuseCPDevOPS/FuseCP/security/code-scanning/9572"
"9573","cs/catch-of-all-exceptions","FuseCP/Sources/FuseCP.Providers.TerminalServices.Windows2012/Windows2012.cs","2290","/language:csharp-server","https://github.com/FuseCPDevOPS/FuseCP/security/code-scanning/9573"
"9575","cs/catch-of-all-exceptions","FuseCP/Sources/FuseCP.Providers.Virtualization.HyperV/HyperV.cs","1295","/language:csharp-server","https://github.com/FuseCPDevOPS/FuseCP/security/code-scanning/9575"
"9577","cs/catch-of-all-exceptions","FuseCP/Sources/FuseCP.Providers.Virtualization.HyperV-2012R2/Helpers/NetworkAdapterHelper.cs","69","/language:csharp-server","https://github.com/FuseCPDevOPS/FuseCP/security/code-scanning/9577"
"9581","cs/catch-of-all-exceptions","FuseCP/Sources/FuseCP.Providers.Virtualization.HyperV/HyperV.cs","1789","/language:csharp-server","https://github.com/FuseCPDevOPS/FuseCP/security/code-scanning/9581"
"9586","cs/catch-of-all-exceptions","FuseCP/Sources/FuseCP.Providers.Virtualization.HyperV/HyperV.cs","2128","/language:csharp-server","https://github.com/FuseCPDevOPS/FuseCP/security/code-scanning/9586"
"9587","cs/catch-of-all-exceptions","FuseCP/Sources/FuseCP.Providers.Virtualization.HyperV/HyperV.cs","2376","/language:csharp-server","https://github.com/FuseCPDevOPS/FuseCP/security/code-scanning/9587"
"9588","cs/catch-of-all-exceptions","FuseCP/Sources/FuseCP.Providers.Virtualization.HyperV/HyperV.cs","2450","/language:csharp-server","https://github.com/FuseCPDevOPS/FuseCP/security/code-scanning/9588"
"9591","cs/catch-of-all-exceptions","FuseCP/Sources/FuseCP.Providers.Virtualization.HyperV-2012R2/Helpers/VirtualMachineHelper.cs","122","/language:csharp-server","https://github.com/FuseCPDevOPS/FuseCP/security/code-scanning/9591"
"9592","cs/catch-of-all-exceptions","FuseCP/Sources/FuseCP.Providers.Virtualization.HyperV-2012R2/Helpers/VirtualMachineHelper.cs","143","/language:csharp-server","https://github.com/FuseCPDevOPS/FuseCP/security/code-scanning/9592"
"9593","cs/catch-of-all-exceptions","FuseCP/Sources/FuseCP.Providers.Virtualization.HyperV-2012R2/Helpers/VirtualMachineHelper.cs","160","/language:csharp-server","https://github.com/FuseCPDevOPS/FuseCP/security/code-scanning/9593"
"9594","cs/catch-of-all-exceptions","FuseCP/Sources/FuseCP.Providers.Virtualization.HyperV-2012R2/Helpers/VirtualMachineHelper.cs","263","/language:csharp-server","https://github.com/FuseCPDevOPS/FuseCP/security/code-scanning/9594"
"9595","cs/catch-of-all-exceptions","FuseCP/Sources/FuseCP.Providers.Virtualization.HyperV-2012R2/Helpers/VdsHelper.cs","336","/language:csharp-server","https://github.com/FuseCPDevOPS/FuseCP/security/code-scanning/9595"
"9607","cs/catch-of-all-exceptions","FuseCP/Sources/FuseCP.Providers.Virtualization.HyperV-2012R2/HyperV2012R2.cs","795","/language:csharp-server","https://github.com/FuseCPDevOPS/FuseCP/security/code-scanning/9607"
"9608","cs/catch-of-all-exceptions","FuseCP/Sources/FuseCP.Providers.Virtualization.HyperV-2012R2/HyperV2012R2.cs","842","/language:csharp-server","https://github.com/FuseCPDevOPS/FuseCP/security/code-scanning/9608"
"9609","cs/catch-of-all-exceptions","FuseCP/Sources/FuseCP.Providers.Virtualization.HyperV-2012R2/HyperV2012R2.cs","946","/language:csharp-server","https://github.com/FuseCPDevOPS/FuseCP/security/code-scanning/9609"
"9610","cs/catch-of-all-exceptions","FuseCP/Sources/FuseCP.Providers.Virtualization.HyperV-2012R2/HyperV2012R2.cs","1088","/language:csharp-server","https://github.com/FuseCPDevOPS/FuseCP/security/code-scanning/9610"
"9616","cs/catch-of-all-exceptions","FuseCP/Sources/FuseCP.Providers.Virtualization.HyperV-2012R2/HyperV2012R2.cs","1637","/language:csharp-server","https://github.com/FuseCPDevOPS/FuseCP/security/code-scanning/9616"
"9648","cs/catch-of-all-exceptions","FuseCP/Sources/FuseCP.Providers.Virtualization.HyperV-vmm/Helpers/VdsHelper.cs","222","/language:csharp-server","https://github.com/FuseCPDevOPS/FuseCP/security/code-scanning/9648"
"9649","cs/catch-of-all-exceptions","FuseCP/Sources/FuseCP.Providers.Virtualization.HyperV-vmm/Helpers/VdsHelper.cs","292","/language:csharp-server","https://github.com/FuseCPDevOPS/FuseCP/security/code-scanning/9649"
"9653","cs/catch-of-all-exceptions","FuseCP/Sources/FuseCP.Providers.Virtualization.Proxmox/ApiClient.cs","96","/language:csharp-server","https://github.com/FuseCPDevOPS/FuseCP/security/code-scanning/9653"
"9655","cs/catch-of-all-exceptions","FuseCP/Sources/FuseCP.Providers.Virtualization.Proxmox/Helpers/ProxmoxNetworkHelper.cs","49","/language:csharp-server","https://github.com/FuseCPDevOPS/FuseCP/security/code-scanning/9655"
"9656","cs/catch-of-all-exceptions","FuseCP/Sources/FuseCP.Providers.Virtualization.HyperV-vmm/HyperVvmm.cs","1010","/language:csharp-server","https://github.com/FuseCPDevOPS/FuseCP/security/code-scanning/9656"
"9657","cs/catch-of-all-exceptions","FuseCP/Sources/FuseCP.Providers.Virtualization.Proxmox/Helpers/ProxmoxNetworkHelper.cs","82","/language:csharp-server","https://github.com/FuseCPDevOPS/FuseCP/security/code-scanning/9657"
"9658","cs/catch-of-all-exceptions","FuseCP/Sources/FuseCP.Providers.Virtualization.Proxmox/Helpers/ProxmoxVHDHelper.cs","62","/language:csharp-server","https://github.com/FuseCPDevOPS/FuseCP/security/code-scanning/9658"
"9659","cs/catch-of-all-exceptions","FuseCP/Sources/FuseCP.Providers.Virtualization.Proxmox/Helpers/ProxmoxVHDHelper.cs","83","/language:csharp-server","https://github.com/FuseCPDevOPS/FuseCP/security/code-scanning/9659"
"9664","cs/catch-of-all-exceptions","FuseCP/Sources/FuseCP.Providers.Virtualization.HyperV-vmm/HyperVvmm.cs","1701","/language:csharp-server","https://github.com/FuseCPDevOPS/FuseCP/security/code-scanning/9664"
"9674","cs/catch-of-all-exceptions","FuseCP/Sources/FuseCP.Providers.Virtualization.HyperV-vmm/HyperVvmm.cs","1937","/language:csharp-server","https://github.com/FuseCPDevOPS/FuseCP/security/code-scanning/9674"
"9679","cs/catch-of-all-exceptions","FuseCP/Sources/FuseCP.Providers.Virtualization.Proxmox/Proxmoxvps.cs","906","/language:csharp-server","https://github.com/FuseCPDevOPS/FuseCP/security/code-scanning/9679"
"9703","cs/catch-of-all-exceptions","FuseCP/Sources/FuseCP.Providers.Web.IIs100/IIs100.cs","56","/language:csharp-server","https://github.com/FuseCPDevOPS/FuseCP/security/code-scanning/9703"
"9704","cs/catch-of-all-exceptions","FuseCP/Sources/FuseCP.Providers.Web.IIs100/IIs100.cs","71","/language:csharp-server","https://github.com/FuseCPDevOPS/FuseCP/security/code-scanning/9704"
"9727","cs/catch-of-all-exceptions","FuseCP/Sources/FuseCP.Providers.Web.IIs80/IIs80.cs","56","/language:csharp-server","https://github.com/FuseCPDevOPS/FuseCP/security/code-scanning/9727"
"9728","cs/catch-of-all-exceptions","FuseCP/Sources/FuseCP.Providers.Web.IIs80/IIs80.cs","71","/language:csharp-server","https://github.com/FuseCPDevOPS/FuseCP/security/code-scanning/9728"
"9730","cs/catch-of-all-exceptions","FuseCP/Sources/FuseCP.Providers.Web.IIs100/SSL/SSLModuleService100.cs","597","/language:csharp-server","https://github.com/FuseCPDevOPS/FuseCP/security/code-scanning/9730"
"9742","cs/catch-of-all-exceptions","FuseCP/Sources/FuseCP.Providers.Web.IIs60/IIs60.cs","662","/language:csharp-server","https://github.com/FuseCPDevOPS/FuseCP/security/code-scanning/9742"
"9743","cs/catch-of-all-exceptions","FuseCP/Sources/FuseCP.Providers.Web.IIs80/SSL/SSLModuleService80.cs","604","/language:csharp-server","https://github.com/FuseCPDevOPS/FuseCP/security/code-scanning/9743"
"9749","cs/catch-of-all-exceptions","FuseCP/Sources/FuseCP.Providers.Web.IIs60/IIs60.cs","1867","/language:csharp-server","https://github.com/FuseCPDevOPS/FuseCP/security/code-scanning/9749"
"9753","cs/catch-of-all-exceptions","FuseCP/Sources/FuseCP.Providers.Web.IIs60/IIs60.cs","3021","/language:csharp-server","https://github.com/FuseCPDevOPS/FuseCP/security/code-scanning/9753"
"12260","cs/catch-of-all-exceptions","FuseCP/Sources/FuseCP.Server.Utils/SecurityUtils.cs","1318","/language:csharp-server","https://github.com/FuseCPDevOPS/FuseCP/security/code-scanning/12260"
"12261","cs/catch-of-all-exceptions","FuseCP/Sources/FuseCP.Server.Utils/SecurityUtils.cs","1405","/language:csharp-server","https://github.com/FuseCPDevOPS/FuseCP/security/code-scanning/12261"
"12281","cs/catch-of-all-exceptions","FuseCP/Sources/FuseCP.Providers.HostedSolution.Exchange2013/Exchange2013.cs","7698","/language:csharp-server","https://github.com/FuseCPDevOPS/FuseCP/security/code-scanning/12281"
"12282","cs/catch-of-all-exceptions","FuseCP/Sources/FuseCP.Providers.HostedSolution.Exchange2013/Exchange2013.cs","7850","/language:csharp-server","https://github.com/FuseCPDevOPS/FuseCP/security/code-scanning/12282"
"12283","cs/catch-of-all-exceptions","FuseCP/Sources/FuseCP.Providers.HostedSolution.Exchange2016/Exchange2016.cs","7732","/language:csharp-server","https://github.com/FuseCPDevOPS/FuseCP/security/code-scanning/12283"
"12284","cs/catch-of-all-exceptions","FuseCP/Sources/FuseCP.Providers.HostedSolution.Exchange2016/Exchange2016.cs","7884","/language:csharp-server","https://github.com/FuseCPDevOPS/FuseCP/security/code-scanning/12284"
"12285","cs/catch-of-all-exceptions","FuseCP/Sources/FuseCP.Providers.HostedSolution.Exchange2019/Exchange2019.cs","7732","/language:csharp-server","https://github.com/FuseCPDevOPS/FuseCP/security/code-scanning/12285"
"12286","cs/catch-of-all-exceptions","FuseCP/Sources/FuseCP.Providers.HostedSolution.Exchange2019/Exchange2019.cs","7884","/language:csharp-server","https://github.com/FuseCPDevOPS/FuseCP/security/code-scanning/12286"
"12287","cs/catch-of-all-exceptions","FuseCP/Sources/FuseCP.Providers.Web.WebDav/WebDav.cs","156","/language:csharp-server","https://github.com/FuseCPDevOPS/FuseCP/security/code-scanning/12287"
"8168","cs/nested-if-statements","FuseCP/Sources/FuseCP.Providers.Base/Web/HtaccessFolder.cs","676","/language:csharp-server","https://github.com/FuseCPDevOPS/FuseCP/security/code-scanning/8168"
"9667","cs/nested-if-statements","FuseCP/Sources/FuseCP.Providers.Base/OS/Shell.cs","182","/language:csharp-server","https://github.com/FuseCPDevOPS/FuseCP/security/code-scanning/9667"
"10679","cs/nested-if-statements","FuseCP/Sources/FuseCP.Providers.DNS.MsDNS/MsDNS.cs","696","/language:csharp-server","https://github.com/FuseCPDevOPS/FuseCP/security/code-scanning/10679"
"10680","cs/nested-if-statements","FuseCP/Sources/FuseCP.Providers.DNS.PowerDNS/PowerDNS.cs","421","/language:csharp-server","https://github.com/FuseCPDevOPS/FuseCP/security/code-scanning/10680"
"10681","cs/nested-if-statements","FuseCP/Sources/FuseCP.Providers.DNS.PowerDNS/PowerDNS.cs","577","/language:csharp-server","https://github.com/FuseCPDevOPS/FuseCP/security/code-scanning/10681"
"10682","cs/nested-if-statements","FuseCP/Sources/FuseCP.Providers.DNS.SimpleDNS50/SimpleDNS5.cs","320","/language:csharp-server","https://github.com/FuseCPDevOPS/FuseCP/security/code-scanning/10682"
"10683","cs/nested-if-statements","FuseCP/Sources/FuseCP.Providers.DNS.SimpleDNS/SimpleDNS.cs","1081","/language:csharp-server","https://github.com/FuseCPDevOPS/FuseCP/security/code-scanning/10683"
"10684","cs/nested-if-statements","FuseCP/Sources/FuseCP.Providers.DNS.SimpleDNS/SimpleDNS.cs","1086","/language:csharp-server","https://github.com/FuseCPDevOPS/FuseCP/security/code-scanning/10684"
"10685","cs/nested-if-statements","FuseCP/Sources/FuseCP.Providers.DNS.SimpleDNS/SimpleDNS.cs","1113","/language:csharp-server","https://github.com/FuseCPDevOPS/FuseCP/security/code-scanning/10685"
"10686","cs/nested-if-statements","FuseCP/Sources/FuseCP.Providers.DNS.SimpleDNS/SimpleDNS.cs","1118","/language:csharp-server","https://github.com/FuseCPDevOPS/FuseCP/security/code-scanning/10686"
"10687","cs/nested-if-statements","FuseCP/Sources/FuseCP.Providers.DNS.SimpleDNS50/SimpleDNS5.cs","777","/language:csharp-server","https://github.com/FuseCPDevOPS/FuseCP/security/code-scanning/10687"
"10688","cs/nested-if-statements","FuseCP/Sources/FuseCP.Providers.DNS.SimpleDNS50/SimpleDNS5.cs","782","/language:csharp-server","https://github.com/FuseCPDevOPS/FuseCP/security/code-scanning/10688"
"10689","cs/nested-if-statements","FuseCP/Sources/FuseCP.Providers.DNS.SimpleDNS50/SimpleDNS5.cs","809","/language:csharp-server","https://github.com/FuseCPDevOPS/FuseCP/security/code-scanning/10689"
"10690","cs/nested-if-statements","FuseCP/Sources/FuseCP.Providers.DNS.SimpleDNS50/SimpleDNS5.cs","814","/language:csharp-server","https://github.com/FuseCPDevOPS/FuseCP/security/code-scanning/10690"
"10691","cs/nested-if-statements","FuseCP/Sources/FuseCP.Providers.DNS.SimpleDNS60/SimpleDNS6.cs","320","/language:csharp-server","https://github.com/FuseCPDevOPS/FuseCP/security/code-scanning/10691"
"10692","cs/nested-if-statements","FuseCP/Sources/FuseCP.Providers.DNS.SimpleDNS60/SimpleDNS6.cs","778","/language:csharp-server","https://github.com/FuseCPDevOPS/FuseCP/security/code-scanning/10692"
"10693","cs/nested-if-statements","FuseCP/Sources/FuseCP.Providers.DNS.SimpleDNS60/SimpleDNS6.cs","783","/language:csharp-server","https://github.com/FuseCPDevOPS/FuseCP/security/code-scanning/10693"
"10694","cs/nested-if-statements","FuseCP/Sources/FuseCP.Providers.DNS.SimpleDNS60/SimpleDNS6.cs","810","/language:csharp-server","https://github.com/FuseCPDevOPS/FuseCP/security/code-scanning/10694"
"10695","cs/nested-if-statements","FuseCP/Sources/FuseCP.Providers.DNS.SimpleDNS60/SimpleDNS6.cs","815","/language:csharp-server","https://github.com/FuseCPDevOPS/FuseCP/security/code-scanning/10695"
"10696","cs/nested-if-statements","FuseCP/Sources/FuseCP.Providers.Database.MariaDB/MariaDB103.cs","112","/language:csharp-server","https://github.com/FuseCPDevOPS/FuseCP/security/code-scanning/10696"
"10697","cs/nested-if-statements","FuseCP/Sources/FuseCP.Providers.Database.MariaDB/MariaDB103.cs","148","/language:csharp-server","https://github.com/FuseCPDevOPS/FuseCP/security/code-scanning/10697"
"10698","cs/nested-if-statements","FuseCP/Sources/FuseCP.Providers.Database.MariaDB/MariaDB101.cs","692","/language:csharp-server","https://github.com/FuseCPDevOPS/FuseCP/security/code-scanning/10698"
"10699","cs/nested-if-statements","FuseCP/Sources/FuseCP.Providers.Database.MariaDB/MariaDB101.cs","728","/language:csharp-server","https://github.com/FuseCPDevOPS/FuseCP/security/code-scanning/10699"
"10700","cs/nested-if-statements","FuseCP/Sources/FuseCP.Providers.Database.MySQL/MySqlServer.cs","692","/language:csharp-server","https://github.com/FuseCPDevOPS/FuseCP/security/code-scanning/10700"
"10701","cs/nested-if-statements","FuseCP/Sources/FuseCP.Providers.Database.MySQL/MySqlServer.cs","728","/language:csharp-server","https://github.com/FuseCPDevOPS/FuseCP/security/code-scanning/10701"
"10702","cs/nested-if-statements","FuseCP/Sources/FuseCP.Providers.FTP.CerberusFTP6/CerberusFTP6.cs","66","/language:csharp-server","https://github.com/FuseCPDevOPS/FuseCP/security/code-scanning/10702"
"10703","cs/nested-if-statements","FuseCP/Sources/FuseCP.Providers.FTP.CerberusFTP6/CerberusFTP6.cs","98","/language:csharp-server","https://github.com/FuseCPDevOPS/FuseCP/security/code-scanning/10703"
"10704","cs/nested-if-statements","FuseCP/Sources/FuseCP.Providers.FTP.CerberusFTP6/CerberusFTP6.cs","103","/language:csharp-server","https://github.com/FuseCPDevOPS/FuseCP/security/code-scanning/10704"
"10705","cs/nested-if-statements","FuseCP/Sources/FuseCP.Providers.FTP.CerberusFTP6/CerberusFTP6.cs","167","/language:csharp-server","https://github.com/FuseCPDevOPS/FuseCP/security/code-scanning/10705"
"10706","cs/nested-if-statements","FuseCP/Sources/FuseCP.Providers.FTP.CerberusFTP6/CerberusFTP6.cs","438","/language:csharp-server","https://github.com/FuseCPDevOPS/FuseCP/security/code-scanning/10706"
"10707","cs/nested-if-statements","FuseCP/Sources/FuseCP.Providers.FTP.IIs100/SitesModuleService.cs","832","/language:csharp-server","https://github.com/FuseCPDevOPS/FuseCP/security/code-scanning/10707"
"10708","cs/nested-if-statements","FuseCP/Sources/FuseCP.Providers.HostedSolution/OrganizationProvider.cs","1428","/language:csharp-server","https://github.com/FuseCPDevOPS/FuseCP/security/code-scanning/10708"
"10709","cs/nested-if-statements","FuseCP/Sources/FuseCP.Providers.Mail.AbilityMailServer/AMSHelper.cs","104","/language:csharp-server","https://github.com/FuseCPDevOPS/FuseCP/security/code-scanning/10709"
"10710","cs/nested-if-statements","FuseCP/Sources/FuseCP.Providers.Mail.AbilityMailServer/AMSHelper.cs","114","/language:csharp-server","https://github.com/FuseCPDevOPS/FuseCP/security/code-scanning/10710"
"10711","cs/nested-if-statements","FuseCP/Sources/FuseCP.Providers.Mail.AbilityMailServer/AbilityMailServer.cs","185","/language:csharp-server","https://github.com/FuseCPDevOPS/FuseCP/security/code-scanning/10711"
"10712","cs/nested-if-statements","FuseCP/Sources/FuseCP.Providers.Mail.AbilityMailServer/AbilityMailServer.cs","234","/language:csharp-server","https://github.com/FuseCPDevOPS/FuseCP/security/code-scanning/10712"
"10713","cs/nested-if-statements","FuseCP/Sources/FuseCP.Providers.Mail.AbilityMailServer/AmsMailbox.cs","287","/language:csharp-server","https://github.com/FuseCPDevOPS/FuseCP/security/code-scanning/10713"
"10714","cs/nested-if-statements","FuseCP/Sources/FuseCP.Providers.Mail.SmarterMail10/SmarterMail10.cs","2107","/language:csharp-server","https://github.com/FuseCPDevOPS/FuseCP/security/code-scanning/10714"
"10715","cs/nested-if-statements","FuseCP/Sources/FuseCP.Providers.Mail.SmarterMail10/SmarterMail10.cs","2147","/language:csharp-server","https://github.com/FuseCPDevOPS/FuseCP/security/code-scanning/10715"
"10716","cs/nested-if-statements","FuseCP/Sources/FuseCP.Providers.Mail.SmarterMail10/SmarterMail10.cs","2152","/language:csharp-server","https://github.com/FuseCPDevOPS/FuseCP/security/code-scanning/10716"
"10717","cs/nested-if-statements","FuseCP/Sources/FuseCP.Providers.Mail.SmarterMail100/SmarterMail100.cs","2412","/language:csharp-server","https://github.com/FuseCPDevOPS/FuseCP/security/code-scanning/10717"
"10718","cs/nested-if-statements","FuseCP/Sources/FuseCP.Providers.Mail.SmarterMail100/SmarterMail100.cs","2452","/language:csharp-server","https://github.com/FuseCPDevOPS/FuseCP/security/code-scanning/10718"
"10719","cs/nested-if-statements","FuseCP/Sources/FuseCP.Providers.Mail.SmarterMail100/SmarterMail100.cs","2457","/language:csharp-server","https://github.com/FuseCPDevOPS/FuseCP/security/code-scanning/10719"
"10720","cs/nested-if-statements","FuseCP/Sources/FuseCP.Providers.Mail.SmarterMail2/SmarterMail2.cs","1592","/language:csharp-server","https://github.com/FuseCPDevOPS/FuseCP/security/code-scanning/10720"
"10721","cs/nested-if-statements","FuseCP/Sources/FuseCP.Providers.Mail.SmarterMail2/SmarterMail2.cs","1597","/language:csharp-server","https://github.com/FuseCPDevOPS/FuseCP/security/code-scanning/10721"
"10722","cs/nested-if-statements","FuseCP/Sources/FuseCP.Providers.Mail.SmarterMail2/SmarterMail2.cs","1625","/language:csharp-server","https://github.com/FuseCPDevOPS/FuseCP/security/code-scanning/10722"
"10723","cs/nested-if-statements","FuseCP/Sources/FuseCP.Providers.Mail.SmarterMail2/SmarterMail2.cs","1630","/language:csharp-server","https://github.com/FuseCPDevOPS/FuseCP/security/code-scanning/10723"
"10724","cs/nested-if-statements","FuseCP/Sources/FuseCP.Providers.Mail.SmarterMail3/SmarterMail3.cs","607","/language:csharp-server","https://github.com/FuseCPDevOPS/FuseCP/security/code-scanning/10724"
"10725","cs/nested-if-statements","FuseCP/Sources/FuseCP.Providers.Mail.SmarterMail3/SmarterMail3.cs","612","/language:csharp-server","https://github.com/FuseCPDevOPS/FuseCP/security/code-scanning/10725"
"10726","cs/nested-if-statements","FuseCP/Sources/FuseCP.Providers.Mail.SmarterMail3/SmarterMail3.cs","640","/language:csharp-server","https://github.com/FuseCPDevOPS/FuseCP/security/code-scanning/10726"
"10727","cs/nested-if-statements","FuseCP/Sources/FuseCP.Providers.Mail.SmarterMail3/SmarterMail3.cs","645","/language:csharp-server","https://github.com/FuseCPDevOPS/FuseCP/security/code-scanning/10727"
"10728","cs/nested-if-statements","FuseCP/Sources/FuseCP.Providers.Mail.SmarterMail5/SmarterMail5.cs","1998","/language:csharp-server","https://github.com/FuseCPDevOPS/FuseCP/security/code-scanning/10728"
"10729","cs/nested-if-statements","FuseCP/Sources/FuseCP.Providers.Mail.SmarterMail5/SmarterMail5.cs","2031","/language:csharp-server","https://github.com/FuseCPDevOPS/FuseCP/security/code-scanning/10729"
